av1_az3m,,pb1_z3,pb2_z3,bql_mo,bgp_mah,bgn_man,ps1_z3,pb3_z3,pb4_z3,wb1_woz,pt1_z3,wb2_woz,pb5_z3,pb6_z3,os1_Ez,pb7_z3,prs_mEn,gzi_mo,glk_mEn,,pb8_z3,os2_EZ,wb3_woz,pb9_z3,p10_z3,jdt_me,pt2_z3,ps2_z3,kiu_Ez,zum_meh,,kmr_min,ps3_z3,lrl_ma,lsa_a,luz_mu,p11_z3,p12_z3,p13_z3,kfm_mon,p14_zo,ps4_z3,p15_z3,mnj_z3,ntz_mun,p16_z3,p17_z3,p18_z3,oru_az,prc_on,p19_z3,pt3_z3,pes_man,p20_z3,pt4_z3,pt5_z3,srz_me,p21_z3,sgh_woz,siy_me,sqo_o,bcc_man,sdh_min,fay_mo,p22_z3,tgk_man,tly_oz,p23_z3,p24_z3,vaf_aez,ps5_z3,wne_z3,yai_mEn,wb5_woz,yah_az,ydg_zoh,p25_z3,diq_mun
av1_tum,,pb1_t3,pb2_t3,bql_to,,bgn_8a,ps1_t3,pb3_t3,pb4_t3,wb1_tu,pt1_t3,wb2_tu,pb5_t3,pb6_t3,os1_du,pb7_t3,prs_tu,gzi_to,glk_tu,,pb8_t3,os2_d3,wb3_tu,pb9_t3,p10_t3,jdt_ti,pt2_t3,ps2_t3,kiu_tu,zum_to,ckb_to,kmr_tu,ps3_t3,lrl_to,lsa_to,luz_to,p11_t3,p12_t3,p13_t3,kfm_to,p14_to,ps4_t3,p15_t3,mnj_tu,ntz_to,p16_th3,p17_t3,p18_t3,oru_tu,prc_to,p19_t3,pt3_t3,pes_to,p20_t3,pt4_t3,pt5_t3,srz_te,p21_t3,sgh_to,siy_te,sqo_to,bcc_thau,sdh_to,fay_to,p22_t3,tgk_tu,tly_ti,p23_t3,p24_th3,vaf_tE,ps5_t3,wne_ta,yai_tu,wb5_tu,yah_tow,ydg_tu,p25_t3,diq_to
av1_vaem,,pb1_muNga,pb2_muNga,,bgp_ma,bgn_maSma,ps1_meZa,pb3_muNga,pb4_muNga,wb1_sok,pt1_moZ,wb2_sok,pb5_muNg,pb6_muZa,os1_maX,pb7_m3Ng3,prs_mo,gzi_ama,glk_ama,hac_ema,pb8_mu,os2_maX,wb3_sok,pb9_muZa,p10_muNg,jdt_imu,pt2_muZ,ps2_muZ3,kiu_ma,zum_mah,ckb_ema,kmr_em,ps3_muZ3,lrl_ama,lsa_hEm,,p11_m3Ng3,p12_muNg,p13_muN,kfm_hama,p14_muN,ps4_miZ,p15_m3Nga,mnj_Zim3n,ntz_hamo,p16_muNg,p17_muNg3,p18_muNga,oru_max,prc_mo,p19_mu,pt3_muZ,pes_m3,p20_muN,pt4_muZ,pt5_m3Z,srz_hEmi,p21_muNg3,sgh_mES,siy_hame,sqo_hEm,bcc_ma,sdh_Xma,fay_ma,p22_muNg3,tgk_mo,tly_3m3,p23_mu,p24_muNg,vaf_awan,ps5_miZ,wne_moS,yai_moX,wb5_sok,yah_aztow,ydg_m3x,p25_mu,diq_ma
,av2_aeva,pb1_yao,pb2_y3o,bql_yak,bgp_yak,bgn_yak,ps1_you,pb3_y3o,pb4_yao,wb1_yiu,pt1_yo,wb2_yiu,pb5_y3o,pb6_yo,os1_yew,pb7_y3o,prs_yEk,gzi_yeg,glk_i,,pb8_yo,os2_iu,wb3_yiu,pb9_you,p10_yo,jdt_eki,pt2_y3o,ps2_yo,kiu_zu,zum_yek,ckb_yak,kmr_yek,ps3_yo,lrl_yak,lsa_i,luz_ya,p11_y3u,p12_y3o,p13_y3u,kfm_yak,p14_y3u,ps4_yo,p15_y3o,mnj_yu,ntz_jEk,p16_yau,p17_y3o,p18_yao,oru_s3,prc_Zu,p19_yo,pt3_y3o,pes_yek,p20_y3u,pt4_y3o,pt5_y3o,srz_jek,p21_yau,sgh_yi,siy_ye,sqo_i,bcc_yak,sdh_yaki,fay_yak,p22_y3o,tgk_yak,tly_i,p23_yo,p24_yo,vaf_yey,ps5_yo,wne_yo,yai_yEk,wb5_yiu,yah_wog,ydg_yu,p25_yo,diq_Zu
av1_dua,,pb1_dwa,pb2_dwa,bql_do,bgp_do,bgn_8u,ps1_dwa,pb3_dwa,pb4_dwa,wb1_bui,pt1_dw3,wb2_bui,pb5_dwa,pb6_dwa,os1_duwE,pb7_dw3,prs_du,gzi_du,glk_du,hac_due,pb8_dwa,os2_d3wE,wb3_bui,pb9_dwa,p10_dwa,jdt_di,pt2_dwa,ps2_dw3,kiu_d3,zum_doh,ckb_du,kmr_du,ps3_dw3,lrl_dom,lsa_do,luz_do,p11_dwa,p12_dwa,p13_dwa,kfm_do,p14_dwa,ps4_dwa,p15_dwa,mnj_lu,ntz_do,p16_dwa,p17_dwa,p18_dwa,oru_dio,prc_di,p19_dwa,pt3_dw3,pes_do,p20_dwa,pt4_dw3,pt5_dwa,srz_di,p21_dwa,sgh_8o,siy_duwwe,sqo_do,bcc_do,sdh_do,fay_do,p22_dwa,tgk_du,tly_di,p23_dwa,p24_dwa,vaf_do,ps5_dw3,wne_dwa,yai_du,wb5_bui,yah_8ow,ydg_loh,p25_dw3,diq_dudu
av1_maSio,av2_maSya,pb1_sare,pb2_s3re,bql_piyo,bgp_mardum,bgn_kas,ps1_sarai,pb3_s3re,pb4_sare,,pt1_s3r3i,,pb5_sare,pb6_sare,os1_adEmag,pb7_s3re,prs_nEfEr,,glk_mErd,,pb8_s3r3i,os2_adEmag,,pb9_s3re,p10_sarai,jdt_odomi,pt2_Sar3i,ps2_sar3i,,,ckb_kas,kmr_mirov,ps3_s3r3i,lrl_Xadam,lsa_mirdE,,p11_s3re,p12_s3r3i,p13_s3re,kfm_axe,p14_s3re,ps4_s3rai,p15_s3re,mnj_mEra,ntz_mirE,p16_sarai,p17_sare,p18_sare,oru_s3r3i,prc_monES,p19_s3rai,pt3_s3r3i,pes_ens3n,p20_s3re,pt4_s3r3i,pt5_s3r3i,srz_mard,p21_s3rai,sgh_Cor,siy_nafar,sqo_mirdi,bcc_khas,sdh_ayam,fay_adom,p22_sare,tgk_odam,tly_od3m,p23_s3r3,p24_sarai,vaf_adui,ps5_s3r3i,wne_sara,yai_morti,,yah_inson,ydg_m3L3,p25_s3r3i,diq_merdum
av1_masio,av2_masya,pb1_m3ye,pb2_m3ye,bql_moi,bgp_mahi,bgn_mai,ps1_k3b,pb3_m3yi,pb4_m3ye,wb1_khup,pt1_mai,wb2_khup,pb5_k3b,pb6_m3yi,os1_kEsalgE,pb7_m3ye,prs_mohi,,glk_mahi,,pb8_m3Si,os2_kESag,wb3_moyi,pb9_k3b,p10_k3b3,jdt_Z3X,pt2_mah3i,ps2_k3b,,zum_mi,ckb_mosi,kmr_masi,ps3_k3b,lrl_ma7i,lsa_moi,luz_mahi,p11_mahe,p12_kab,p13_m3ye,,p14_mahe,ps4_kab,p15_m3yan,mnj_kop,ntz_mahi,p16_mahi,p17_k3b,p18_m3ye,oru_mayi,prc_mohi,p19_muSe,pt3_mayei,pes_m3hi,p20_k3b,pt4_maye,pt5_maye,srz_mohi,p21_mayi,sgh_moyi,siy_moi,sqo_mohi,bcc_mahi,,fay_moi,p22_m3yi,tgk_moXi,tly_moy,p23_meSe,p24_k3b3,,ps5_kab,wne_maha,yai_mEhi,wb5_moyi,yah_mahay,ydg_k3p,p25_moyi,diq_mase
av1_spa,av2_span,pb1_spe,pb2_spe,bql_kEtu,bgp_biN,bgn_kuCak,ps1_spai,pb3_spe,pb4_spe,wb1_SoC,pt1_sp3i,wb2_SoC,pb5_spe,pb6_spe,os1_kuy,pb7_spe,prs_sEg,,glk_sEg,hac_tuta,pb8_spe,os2_kw3z,wb3_SoC,pb9_spe,p10_sp3i,jdt_seg,pt2_sp3i,ps2_spai,kiu_kut3k,zum_sogh,ckb_sag,kmr_seg,ps3_spai,lrl_sag,lsa_EsbE,luz_sag,p11_spe,p12_sp3i,p13_spe,kfm_kuE,p14_spe,ps4_spai,p15_spe,mnj_xulf,ntz_kuya,p16_spai,p17_spe,p18_spe,oru_sp3k,,p19_spai,pt3_sp3i,pes_sag,p20_spe,pt4_sp3i,pt5_spai,srz_sag,p21_spai,sgh_kod,siy_espe,sqo_esbo,bcc_sag,sdh_sag,fay_kotu,p22_spe,tgk_sag,tly_sip3,p23_sp3,p24_spai,vaf_EsbE,ps5_spai,wne_spa,yai_kut,wb5_SoC,yah_kod,ydg_xalf,p25_sp3i,diq_kutuk
,,,,bql_SeS,,,,,,,,,,,os1_sistE,,prs_SebeS,gzi_uSpaS,,hac_haSpiSi,,os2_S3St,,,,jdt_subuZ,,,kiu_asp3z3,,,kmr_sipi,,lrl_eS,,luz_SES,,,,kfm_eSpeS,,,,,,,p17_wr3ga,,,,,,pes_SepeS,,,,,,sgh_sipEx,siy_peS,,bcc_bot,,fay_SoS,,tgk_SabuSk,tly_sibiZ,,,,,,yai_SipuS,,yah_s3paw,,,diq_uSpiZ
av1_vana,av2_vana,pb1_w3n3,pb2_w3na,bql_dur,bgp_daraSk,bgn_8rax8,ps1_wona,pb3_bute,pb4_w3n3,wb1_kiCit,pt1_d3r3t,wb2_kiCit,pb5_won3,pb6_w3n3,os1_bElasE,pb7_w3n3,prs_dErEt,,glk_dar,hac_diraxt,pb8_w3n3,os2_bElaS,wb3_doroxt,pb9_w3na,p10_w3n3,jdt_dor,pt2_dr3t3,ps2_w3n3,kiu_dar3,zum_Sidreh,ckb_dor,kmr_dar,ps3_w3n3,lrl_deraxt,lsa_dor,luz_dar,p11_w3n3,p12_but3i,p13_w3n3,,p14_w3n3,ps4_w3na,p15_w3na,mnj_d3r3t3,ntz_deraXt,p16_w3n3,p17_w3n3,p18_w3n3,oru_won3,prc_bXin,p19_w3n3,pt3_dr3t3,pes_deraxt,p20_w3n3,pt4_dr3t3,pt5_d3r3t3,srz_dor,p21_w3n3,sgh_dirEt,siy_deraxt,sqo_dar,bcc_draSk,sdh_dar,fay_d3raxt,p22_w3n3,tgk_darat,tly_do,p23_w3n3,p24_w3n3,vaf_dar,ps5_w3n3,wne_dr3t3,yai_dErEt,wb5_thik,yah_d3ruxt,ydg_drat,p25_w3n3,diq_dar
av1_var3ka,av2_var3ka,pb1_pan3,pb2_pana,bql_par,bgp_thakh,bgn_balg,ps1_ponie,pb3_p3na,pb4_pan3,wb1_polC,pt1_pana,wb2_polC,pb5_pana,pb6_pane,os1_sifE,pb7_pan3,prs_bErg,gzi_vElg,glk_balg,hac_gaLa,pb8_pani,os2_S3f,wb3_polC,pb9_pana,p10_panie,jdt_velg,pt2_pan3,ps2_pon3,kiu_pElg3,,ckb_para,kmr_pel,ps3_pan3,lrl_barg,lsa_valg,luz_barg,p11_pana,p12_pani,p13_pana,kfm_valk,p14_pana,ps4_p3x3,p15_pana,mnj_b3rxiko,ntz_valg,p16_pana,p17_pana,p18_pan3,oru_pox3i,prc_pon,p19_p3x3,pt3_pang3,pes_barg,p20_pana,pt4_pan3,pt5_pan3,srz_barg,p21_pana,sgh_bErg,siy_valk,sqo_volg,bcc_thakh,sdh_balg,fay_balg,p22_pana,tgk_barg,tly_liv3,p23_kon3,p24_ponia,vaf_vElg,ps5_p3x3,wne_pani,,wb5_polC,yah_kifk,ydg_p3nok,p25_ponie,diq_perr
av1_suri,av2_suri,pb1_s3rm3n,pb2_post3ke,bql_pus,bgp_post,,ps1_s3rm3n,pb3_c3rm3n,pb4_c3rm3n,wb1_pist,pt1_post,wb2_pist,pb5_sarm3n,pb6_c3rm3n,os1_car,pb7_post3ke,prs_post,gzi_pis,,hac_tokiL,pb8_put3x3i,os2_sarm,wb3_pist,pb9_c3rm3n,p10_carman,jdt_nust,pt2_post,ps2_carm3n,,zum_post,ckb_pest,kmr_Cerm,ps3_Carm3n,lrl_piss,,luz_pus,p11_c3rm3n,p12_c3rm3n,p13_s3rm3n,,p14_c3rm3n,ps4_s3rm3n,p15_s3rm3n,mnj_phost,,p16_c3rm3n,p17_sarm3n,p18_s3rm3n,oru_c3rmun,prc_pust,p19_post3ke,pt3_post,pes_pust,p20_s3rm3n,pt4_post,pt5_post,,p21_carman,sgh_post,siy_pus,,bcc_phost,,,p22_c3rm3n,tgk_pust,tly_pust,p23_c3rm3n,p24_petaqai,,ps5_carm3n,wne_c3rm3n,yai_pust,wb5_pist,yah_kux,ydg_k3r3st,p25_c3rm3n,diq_poste
av1_vohuni,av2_vohuni,pb1_wina,pb2_win3,bql_xi,bgp_lanj,bgn_on,ps1_wina,pb3_ina,pb4_wina,wb1_wuxEn,pt1_win3,wb2_wuxEn,pb5_wina,pb6_wina,os1_tog,pb7_win3,prs_Xun,,glk_Xun,hac_wini,pb8_win3,os2_tug,wb3_wuxEn,pb9_wina,p10_win3,jdt_xun,pt2_win3,ps2_win3,kiu_goni,zum_khuwaym,ckb_xen,kmr_xwin,ps3_win3,lrl_xin,lsa_Xun,luz_xun,p11_win3,p12_ina,p13_win3,kfm_xun,p14_win3,ps4_win3,p15_wina,mnj_yin3,ntz_Xun,p16_win3,p17_wina,p18_wina,oru_sun,prc_hin,p19_win3,pt3_win3,pes_xun,p20_win3,pt4_win3,pt5_win3,srz_Xin,p21_in3,sgh_wiXin,siy_fin,sqo_Xin,bcc_hon,,fay_xin,p22_win3,tgk_Xun,tly_xun,p23_win3,p24_win3,vaf_xun,ps5_wina,wne_win3,yai_wEXin,wb5_wuxEn,yah_xun,ydg_ino,p25_wina,diq_gunni
av1_as,av2_ast,pb1_aduke,pb2_haduke,bql_7osoxu,,bgn_a8,ps1_h3dik3,pb3_aduk3i,pb4_aduke,wb1_yESC,pt1_3duk3i,wb2_yoSC,pb5_aduke,pb6_aduke,os1_stEg,pb7_aduke,prs_ostoXon,,glk_ostEXan,hac_peSa,pb8_3duke,os2_StEg,wb3_yESC,pb9_aduke,p10_adukai,jdt_ostxu,pt2_aduk3i,ps2_aduka,kiu_astE,zum_khar,ckb_esqon,kmr_hesti,ps3_aduk3i,lrl_Xossoxun,lsa_astoqan,luz_has,p11_aduke,p12_aduk3i,p13_aduke,,p14_aduke,ps4_3dik3i,p15_aduke,mnj_y3sti,ntz_ostEXan,p16_aduke,p17_aduke,p18_aduke,oru_h3dh,prc_hadX,p19_aduke,pt3_aduk3i,pes_ostoxun,p20_aduke,pt4_adukei,pt5_aduke,srz_astaXun,p21_adukai,sgh_sitXon,siy_sakal,sqo_asteka,bcc_had,,fay_assa,p22_aduke,tgk_ustuXon,tly_ost3,p23_aduki,p24_adukai,vaf_Esdoxan,ps5_3dikai,wne_h3d,yai_sitEk,wb5_yoSC,yah_Seg,ydg_yasti,p25_aduk3i,diq_u7ste
av1_sruie,av2_sru,pb1_ak3r,pb2_xk3r,bql_Sox,bgp_Sah,,ps1_Sk3r,pb3_xk3r,pb4_xk3r,,pt1_Sk3r,,pb5_xk3r,pb6_Sk3r,os1_sika,pb7_xk3r,prs_soX,,,,pb8_xk3r,os2_S3kaagain,,pb9_Sk3runa,p10_xk3r,jdt_sirg,pt2_Sk3r,ps2_Sk3r,,zum_qarn,ckb_Sox,kmr_qiloC,ps3_Sk3r,lrl_Sax,,luz_Sax,p11_xk3r,p12_xk3r,p13_xk3r,,p14_xk3r,ps4_Sk3r,p15_xk3r,mnj_Sux,,p16_xk3r,p17_xk3r,p18_ak3r,oru_Suk3re,,p19_xkar,pt3_Sk3r,pes_S3x,p20_xk3r,pt4_Sk3r,pt5_Sk3r,,p21_xk3r,sgh_Xox,,,,,fay_biq,p22_xk3r,tgk_SoX,tly_Sox,p23_xk3r,p24_xk3r,vaf_Sax,ps5_Skar,wne_Suk3r,yai_SoX,,yah_xow,ydg_Su,p25_xk3r,diq_ustre
av1_gaoSo,av2_gaoSa,pb1_xw3g,pb2_xw3g,bql_guS,,bgn_goS,ps1_xw3Z,pb3_xw3g,pb4_xw3g,wb1_xiS,pt1_xw3Z,wb2_xiS,pb5_xw3g,pb6_xw3g,os1_xos,pb7_xw3g,prs_gouS,,glk_guS,hac_goS,pb8_xweg,os2_quS,wb3_xiS,pb9_xweZ,p10_xweg,jdt_guS,pt2_xw3Z,ps2_xw3g,kiu_gos,zum_goS,ckb_ge,kmr_guh,ps3_xw3Z,lrl_goS,lsa_guS,luz_guS,p11_xw3g,p12_xwag,p13_xw3g,,p14_xw3g,ps4_xeZ,p15_xw3g,mnj_xoi,ntz_guS,p16_xwag,p17_xw3g,p18_xw3g,oru_goi,prc_guS,p19_xw3g,pt3_xw3Z,pes_guS,p20_xw3g,pt4_xw3Z,pt5_xw3Z,srz_giS,p21_xw3g,sgh_Xox,,sqo_guS,bcc_goS,sdh_guS,fay_guS,p22_xw3g,tgk_guS,tly_huS3,p23_xeg,p24_xweg,vaf_guS,ps5_xwoZ,wne_xw3Z,yai_XuS,wb5_xiS,yah_x3von,ydg_xo,p25_xweg,diq_goS
av1_CaSma,av2_CaSman,pb1_st3rg3,pb2_st3rga,bql_tiye,bgp_Cham,bgn_Cam,ps1_st3rga,pb3_st3rg3,pb4_st3rg3,wb1_Cejm,pt1_st3rga,wb2_Cejm,pb5_st3rg3,pb6_st3rg3,os1_cEstE,pb7_st3rg3,prs_CeSm,gzi_CoS,glk_Cum,hac_Cam,pb8_st3rg3,os2_sESt,wb3_Cejm,pb9_st3rga,p10_st3rg3,jdt_Cum,pt2_st3rg3,ps2_st3rg3,kiu_c3m,zum_Com,ckb_Cow,kmr_Cav,ps3_st3rg3,lrl_caS,lsa_CaS,luz_tiya,p11_st3rg3,p12_st3rga,p13_st3rg3,kfm_Cam,p14_st3rg3,ps4_st3rg3,p15_st3rg3,mnj_Com,ntz_CEm,p16_st3rga,p17_st3rg3,p18_st3rg3,oru_com,prc_teC,p19_st3rg3,pt3_st3rg3,pes_CeSm,p20_st3rg3,pt4_st3rg3,pt5_st3rg3,srz_CaS,p21_st3rg3,sgh_CEm,siy_CaS,sqo_CoS,bcc_Cham,sdh_Caw,fay_tiye,p22_st3rg3,tgk_CaSm,tly_C3S,p23_st3rg3,p24_st3rg3,vaf_CEm,ps5_st3rg3,wne_st3rg,yai_XurdE,wb5_Cejm,yah_Cam,ydg_Cam,p25_st3rga,diq_Cum
av1_naNha,av2_nah,pb1_poz3,pb2_poza,bql_damax,bgp_phonz,,ps1_peza,pb3_poza,pb4_poz3,wb1_mis,pt1_poza,wb2_mis,pb5_poz3,pb6_poz3,os1_fiy,pb7_poz3,prs_bini,gzi_dumax,glk_dEmaq,hac_luta,pb8_suNg3,os2_f3nz,wb3_mis,pb9_poza,p10_pez3,jdt_vini,pt2_p3z3,ps2_pez3,kiu_p3rn3k3,zum_nokharet,ckb_lut,kmr_poz,ps3_paz3,lrl_domag,lsa_vini,luz_noft,p11_poza,p12_phoza,p13_poza,kfm_domaq,p14_poza,ps4_pez3,p15_poza,mnj_fosk3,ntz_dEmoq,p16_paz3,p17_poz3,p18_poz3,oru_nene,prc_neStX,p19_poz3,pt3_p3z3,pes_dam3G,p20_poza,pt4_p3z3,pt5_p3z3,srz_vani,p21_suNg3,sgh_nEc,siy_pet,sqo_ven,bcc_phonz,sdh_pit,fay_puz,p22_poz3,tgk_bini,tly_vini,p23_peza,p24_peza,vaf_vinfE,ps5_pez3,wne_piz3,yai_nEys,wb5_mis,yah_neZ,ydg_fesko,p25_s3Nga,diq_zunji
av1_data,av2_data,pb1_xax,pb2_xax,bql_dEndu,bgp_dathan,bgn_8a48an,ps1_xw3S,pb3_xax,pb4_xax,wb1_d3nd3k,pt1_xaS,wb2_d3nd3k,pb5_xax,pb6_xwaS,os1_dEndag,pb7_xax,prs_dEndon,,glk_gaz,hac_di8an,pb8_xax,os2_dEndag,wb3_d3nd3k,pb9_xaS,p10_xax,jdt_dendu,pt2_xaS,ps2_xwoS,,,ckb_don,kmr_didan,ps3_xaS,lrl_dudu,lsa_dEndon,luz_dandun,p11_xax,p12_xax,p13_xax,,p14_xax,ps4_xoS,p15_xax,mnj_lod3,ntz_dandun,p16_xax,p17_xax,p18_xax,oru_g3s,prc_danon,p19_xox,pt3_xaS,pes_dand3n,p20_xax,pt4_xaS,pt5_xaS,srz_danun,p21_xax,sgh_8indon,,sqo_denon,bcc_dathan,sdh_diyan,fay_deyondu,p22_xax,tgk_dandon,tly_dondon,p23_xox,p24_xwox,vaf_dendan,ps5_xwoS,wne_xaS,yai_dindEk,wb5_d3nd3k,yah_8an,ydg_l3t,p25_xwox,diq_dundan
av1_hizua,av2_hizva,pb1_jib3,pb2_jiba,bql_zebu,bgp_zawan,bgn_zuban,ps1_Z3ba,pb3_Ziba,pb4_jib3,wb1_zikh,pt1_Z3b3,wb2_zikh,pb5_jib3,pb6_jib3,os1_Evzag,pb7_jib3,prs_zEbon,,glk_zEban,hac_zuan,pb8_Zib3,os2_EvZag,wb3_zik,pb9_jiba,p10_jib3,jdt_zuhun,pt2_Z3b3,ps2_Z3b3,kiu_zon,zum_zuwan,ckb_zimon,kmr_ziman,ps3_z3b3,lrl_zabu,lsa_zEbon,luz_z3wn,p11_jEb3,p12_Z3ba,p13_jib3,kfm_ozon,p14_jEb3,ps4_Z3ba,p15_j3b3,mnj_zub3n,ntz_ozon,p16_Z3ba,p17_jib3,p18_jib3,oru_z3ban,prc_bon,p19_Z3b3,pt3_z3b3,pes_zab3n,p20_jib3,pt4_Z3b3,pt5_z3b3,srz_zEvon,p21_Z3b3,sgh_ziv,siy_zuwan,sqo_zubon,bcc_zawan,,fay_zou,p22_jib3,tgk_zabon,tly_zivon,p23_Zib3,p24_j3b3,vaf_zuan,ps5_z3b3,wne_zb3,yai_zivok,wb5_zikh,yah_zveg,ydg_zebix,p25_Z3ba,diq_zuwan
av1_Znu,av2_Znu,,,bql_z3ni,bgp_khond,,,,,,,,,,os1_wErag,,prs_zonu,,glk_zanu,hac_Coka,,os2_wErag,,,,jdt_surezani,,,kiu_cok,,ckb_aZno,kmr_Cok,,lrl_zani,lsa_zonE,luz_zuni,,,,kfm_zani,,,,,ntz_zonu,,p17_zangun,,,prc_zonu,,,pes_z3nu,,,,srz_zonu,,sgh_zon,siy_zani,sqo_zonu,,,fay_zuni,,tgk_zonu,tly_zoni,,,vaf_Erzane,,,yai_zonk,,yah_z3n,,,diq_saqe
av1_zasto,av2_zasta,pb1_leC3,pb2_las,bql_das,bgp_dast,bgn_8as8,ps1_los,pb3_las,pb4_leC3,,pt1_las,,pb5_las,pb6_las,os1_arE,pb7_las,prs_dEst,gzi_dEs,glk_dEst,,pb8_las,os2_kuX,,pb9_las,p10_las,jdt_des,pt2_las,ps2_los,kiu_dEst,zum_dist,ckb_dast,kmr_dest,ps3_las,lrl_dass,lsa_dast,luz_das,p11_las,p12_las,p13_las,,p14_las,ps4_los,p15_Las,mnj_lost3,ntz_das,p16_las,p17_las,p18_leC3,oru_bizEr,prc_dost,p19_los,pt3_l3C,pes_dast,p20_las,pt4_las,pt5_las,srz_das,p21_las,sgh_8ost,siy_das,sqo_dost,bcc_dast,sdh_das,fay_das,p22_las,tgk_dast,tly_dost,p23_los,p24_los,vaf_penjE,ps5_w3z3r,wne_las,yai_dEst,,yah_8ust,ydg_l3st,p25_los,diq_dest
av1_fStano,av2_fStana,pb1_sina,pb2_sina,bql_peso,bgp_gwar,bgn_gwar,ps1_sina,pb3_sina,pb4_sina,,pt1_sin3,wb2_puz,pb5_sina,pb6_sin3,os1_rew,pb7_sin3,prs_sinE,gzi_sina,glk_sinE,hac_mama,pb8_sin3,os2_riw,wb3_pijbor,pb9_sina,p10_sina,jdt_nene,pt2_sin3,ps2_sina,kiu_c3z3k,zum_sino,ckb_siN,kmr_pesir,ps3_sin3,lrl_Sir,lsa_sinE,luz_pisun,p11_sina,p12_sina,p13_sina,,p14_sina,ps4_sin3,p15_sina,mnj_fuz,ntz_sinE,p16_sin3,p17_sina,p18_sina,oru_sina,prc_sino,p19_sina,pt3_zig3r,pes_pestun,p20_sin3,pt4_sin3,pt5_sina,srz_sinE,p21_sin3,sgh_biS,siy_sine,sqo_sinE,,sdh_sanig,fay_m3me,p22_sin3,tgk_sina,tly_sin3,p23_sin3,p24_sin3,vaf_sinE,ps5_sin3,wne_jig3r,yai_vunE,wb5_poz,yah_dot,ydg_fiz,p25_sina,diq_pustun
av1_yakar3,av2_yakar3,,,,bgp_laghar,,,,,,,,,,os1_yegEr,,prs_jegEr,gzi_jigEr,,hac_yahar,,os2_igEr,,,,jdt_Ziger,,,,,ckb_jarg,kmr_jeger,,lrl_jegar,,,,,,,,,,,,,p17_ena,,,prc_jEgar,,,pes_jegar,,,,,,sgh_cigEr,siy_yegar,,bcc_yaghar,sdh_Tiyir,,,tgk_jigar,tly_j3x3,,,,,,yai_SypurdE,,yah_8ed,,,diq_kezev
av1_xvaraiti,av2_xwar,pb1_sk3,pb2_sk3,bql_xard,bgp_lawaSagh,,ps1_C3,pb3_sx3,pb4_sk3,,pt1_CS3,,pb5_sk3,pb6_sk3,os1_niwaz,pb7_sk3,prs_nouSidEn,gzi_nuS,glk_XurdEn,,pb8_cx3,os2_nwaZ,,pb9_sk3,p10_sx3,jdt_henZire,pt2_CS3,ps2_CS3,kiu_s3m3tEn3,zum_khordiS,ckb_xwordinawa,kmr_vexwarin,ps3_CS3,lrl_xarda,,luz_xard,p11_ske,p12_sk3,p13_sk3,,p14_sk3,ps4_CS3,p15_sk3,mnj_Som,ntz_baXor,p16_sx3,p17_sk3,p18_sk3,oru_tot,prc_tharX,p19_Cik3,pt3_CSe,pes_xord,p20_sk3,pt4_CS3,pt5_CS3,,p21_Cx3,sgh_qilCidow,siy_nowsidan,,bcc_waragh,sdh_xwardin,fay_xar,p22_sk3,tgk_nuSidan,tly_peSom,p23_sk3,p24_c3x3,,ps5_tS3,wne_xw3,yai_ZEv,,yah_xomt,ydg_S3m,p25_cx3,diq_SumtuS
av1_vaenaiti,av2_vaen,pb1_lid3,,bql_di,bgp_ditha,bgn_gi48,ps1_lid3,pb3_lid3,pb4_lid3,,pt1_lid3,,pb5_lid3,pb6_lido,os1_win,pb7_lid3,prs_didEn,gzi_ven,glk_deEn,,pb8_k3t3,os2_w3n,,pb9_lido,p10_lid3,jdt_dire,pt2_lid3,ps2_lid3,kiu_vin3tEn3,,ckb_binin,kmr_ditin,ps3_lid3,,,luz_did,p11_lid3,p12_lido,p13_lid3,kfm_vin,p14_lid3,ps4_lid3,p15_lid3,mnj_liSky,ntz_bevin,p16_lid3,p17_k3t3,p18_lid3,oru_diekh,prc_boC,p19_lido,pt3_lidE,pes_did,p20_lid3,pt4_lid3,pt5_lid3,srz_bEdiman,p21_lid3,sgh_win,siy_diyan,sqo_bEdian,bcc_ditha,,fay_vin,p22_lid3,tgk_didan,tly_vind,p23_lid3,p24_lid3,vaf_vin,ps5_lid3,wne_lid,yai_wEn,,,ydg_leSC,p25_lid3,diq_diyayuS
av1_surunaoiti,av2_sru,pb1_wred3,pb2_wred3,bql_7aSni,bgp_aSkanagh,bgn_uSkin,ps1_rwed3,pb3_wred3,pb4_wred3,,pt1_wred3,,pb5_wred3,pb6_wredo,os1_ixos,pb7_wred3,prs_SonidEn,gzi_ESnuft,glk_iSnavEstEn,,pb8_wridu,os2_quS,,pb9_wred3,p10_wred3,jdt_Sinovusde,pt2_wred3,ps2_wred3,kiu_hEsnaEn3,,ckb_bistin,kmr_bihiStin,ps3_rwed3,lrl_Sonofta,,luz_7iSnowft,p11_wred3,p12_wred3,p13_wred3,,p14_wred3,ps4_wred3,p15_wred3,mnj_xoilEt,ntz_SEnEve,p16_wred3,p17_awred3,p18_wred3,oru_amarye,prc_harw,p19_wrido,pt3_rwed3,pes_Senid,p20_wred3,pt4_rwed3,pt5_wred3,,p21_wred3,sgh_xin,siy_guSkerdan,,bcc_askhanagh,sdh_gusdayin,,p22_wred3,tgk_Sunidan,tly_m3s,p23_wrid3,p24_wred3,,ps5_rwed3,wne_rwi,yai_duXus,,,ydg_xoil3t,p25_wred3,diq_7hesyayuS
av1_miriete,av2_mar,pb1_m3r,pb2_m3r,bql_mord,bgp_mir,bgn_mir,ps1_m3r,pb3_m3r,pb4_m3r,,pt1_m3r,,pb5_m3r,pb6_m3r,os1_mEl,pb7_m3r,prs_mordEn,gzi_mErt,glk_mErdEn,hac_mar8ay,pb8_m3r,os2_mEl,,pb9_m3r,p10_m3r,jdt_mirde,pt2_m3r,ps2_m3r,kiu_mErdEn3,zum_murdpast,ckb_giyondarCun,kmr_mirin,ps3_m3r,,,luz_mord,p11_mar,p12_m3r,p13_mar,kfm_mir,p14_mar,ps4_m3r,p15_m3r,mnj_m3ro,ntz_mardEn,p16_mr3,p17_mr3,p18_m3r,oru_mul3,prc_morX,p19_m3r,pt3_m3r,pes_mord,p20_m3r,pt4_m3r,pt5_mur,,p21_m3r,sgh_mEr,siy_merdan,,bcc_miragh,sdh_mirdin,,p22_m3r,tgk_murdan,tly_mord,p23_m3r,p24_m3r,vaf_mer,ps5_m3r,wne_m3r,yai_mir,,yah_mard,ydg_muLo,p25_m3r,diq_merduS
av1_jasaiti,av2_jam,pb1_rax,pb2_rax,bql_7ouEi,bgp_agh,bgn_a,ps1_rox,pb3_r3x,pb4_rax,,pt1_rax,,pb5_rax,pb6_rax,os1_cEw,pb7_rax,prs_omEdEn,gzi_iy,glk_amon,hac_amay,pb8_rax,os2_sEw,,pb9_rax,p10_rax,jdt_omore,pt2_rax,,kiu_amaEn3,zum_hamedpast,ckb_farmun,kmr_hatin,ps3_ra,,,luz_7uma,p11_rax,p12_r3x,p13_rax,kfm_ema,p14_rax,ps4_rox,p15_rax3,mnj_axoi,ntz_burE,p16_ratl3,p17_ratl3,p18_rax,oru_r3zo,,p19_rox,pt3_ra,pes_3mad,p20_ra,pt4_rax,pt5_rax,,p21_rax,sgh_yEd,siy_ameyan,,bcc_agh,sdh_hat,fay_a,p22_rax,tgk_omadan,tly_om,p23_rox,p24_rox,,ps5_rox,wne_rax,yai_vvou,,,ydg_3xoi,p25_rox,diq_amyayuS
av1_huar3,av2_hvar3,pb1_nw3r,pb2_nw3r,bql_7aft3w,bgp_roC,bgn_roC,ps1_mir,pb3_nm3rst3rga,pb4_nw3r,wb1_yir,pt1_lm3r,wb2_yir,pb5_nw3r,pb6_nw3r,os1_Xor,pb7_nw3r,prs_EftEw,,glk_XurSid,hac_rojiar,pb8_mEr3st3rg3,os2_Xur,wb3_yir,pb9_nmer,p10_mer,jdt_CiSme,pt2_lm3r,,kiu_tiZi,zum_intafo,ckb_xor,kmr_roZ,ps3_nm3r,lrl_Xaftow,lsa_aftEw,luz_garma,p11_nw3r,,p13_nwar,kfm_afto,p14_nw3r,ps4_xorm3st3rga,p15_d3nm3rst3rga,mnj_mira,ntz_oXtov,p16_lm3r,p17_nw3r,p18_nw3r,oru_mier,prc_ruC,p19_mer3st3rg3,pt3_nm3r,pes_xorSid,p20_nwar,pt4_lm3r,pt5_lm3r,srz_oftob,p21_m3rst3rg3,sgh_Xir,siy_aftow,sqo_aftow,bcc_roS,,fay_afto,p22_nw3r,tgk_oftob,tly_h3Si,p23_lmer3st3rg3,p24_mier,vaf_xor,ps5_mi3st3rg,wne_mer,yai_Xur,wb5_yir,yah_xvor,ydg_mira,p25_mErast3rga,diq_roZ
av1_staro,av2_star,pb1_store,pb2_store,bql_bu8,bgp_astar,bgn_s8ar,ps1_stera,pb3_store,pb4_store,wb1_ustor,pt1_store,wb2_stor,pb5_store,pb6_store,os1_stalu,pb7_store,prs_setorE,,glk_sEtarE,hac_hasara,pb8_stor3i,os2_Stal3,wb3_sitoro,pb9_store,p10_storai,jdt_astara,pt2_storE,ps2_stor3,,zum_starg,ckb_astera,kmr_ster,ps3_stor3i,lrl_setara,,luz_sitara,p11_store,p12_stor3i,p13_store,kfm_Estare,p14_store,ps4_stor3i,p15_store,mnj_ist3r3,ntz_EsarE,p16_store,p17_store,p18_store,oru_stor3k,prc_EsteC,p19_store,pt3_store,pes_setare,p20_store,pt4_store,pt5_stor3i,,p21_storai,sgh_xitErc,siy_esara,,bcc_istar,,fay_osare,p22_store,tgk_Stora,tly_ostov3,p23_stor3,p24_storai,,ps5_stor3i,wne_stori,yai_bildingE,wb5_s3tor,yah_Starak,ydg_estari,p25_stor3i,diq_ustare
av1_afS,av2_ap,pb1_ub3,pb2_oba,bql_73w,bgp_ab,bgn_ap,ps1_eb3,pb3_ub3,pb4_ub3,wb1_yuphkh,pt1_ob3,wb2_yuphkh,pb5_ub3,pb6_ub3,os1_don,pb7_ub3,prs_Ew,,glk_ab,hac_awi,pb8_ub3,os2_don,wb3_yuphkh,pb9_ub3,p10_ob3,jdt_Xov,pt2_ub3,ps2_ob3,kiu_uw3,zum_hau,ckb_ow,kmr_av,ps3_ub3,lrl_Xaw,lsa_Ew,luz_73w,p11_ob3,p12_obah,p13_ub3,kfm_o,p14_ub3,ps4_eb3h,p15_oba,mnj_yoxo,ntz_ov,p16_ob3,p17_ub3,p18_ob3,oru_w3kh,prc_ow,p19_ob3,pt3_w3b3,pes_3b,p20_ob3,pt4_ub3,pt5_wob3,srz_u,p21_ub3,sgh_xEc,siy_ow,sqo_ow,bcc_af,sdh_aw,fay_o,p22_ub3,tgk_ob,tly_ov,p23_ob3,p24_ob3,vaf_awE,ps5_yeb3,wne_ob3,yai_op,wb5_yupkh,yah_xex,ydg_y3xo,p25_oba,diq_aw
av1_asma,av2_asan,pb1_kane,pb2_kane,,bgp_siN,bgn_siNg,ps1_kora,pb3_tiga,pb4_kane,wb1_xor,pt1_d3b3r3,wb2_xor,pb5_kane,pb6_kane,os1_dor,pb7_g3t3,prs_sEng,gzi_seNg,glk_sENg,hac_tawani,pb8_k3ne,os2_dur,wb3_xor,pb9_kane,p10_tig3,jdt_sEnx,pt2_kane,ps2_kon3,kiu_kemErE,zum_raygh,ckb_bard,kmr_kevir,ps3_kan3i,lrl_saN,lsa_sENg,luz_bErd,p11_kane,p12_tiga,p13_kane,,p14_g3ta,ps4_kona,p15_gata,mnj_koiko,ntz_sENg,p16_tig3,p17_kane,p18_g3ta,oru_g3p,prc_gEr,p19_tig3,pt3_d3b3r3,pes_sang,p20_kane,pt4_kane,pt5_kane,srz_saNg,p21_tig3,sgh_Zir,siy_vard,sqo_soNg,bcc_khoh,,fay_saN,p22_kane,tgk_sang,tly_six,p23_kon3,p24_tiga,vaf_sEN,ps5_gola,wne_k3nd3,yai_saNk,wb5_xor,yah_xar,ydg_x3r,p25_tiga,diq_7si
av1_atarS,av2_atar,pb1_our,pb2_wor,bql_taS,bgp_as,bgn_a8iS,ps1_yer,pb3_wor,pb4_our,wb1_roxnix,pt1_our,wb2_roxnix,pb5_our,pb6_our,os1_Zing,pb7_our,prs_oteS,,glk_atES,hac_Er,pb8_our,os2_Z3ng,wb3_roxnig,pb9_wor,p10_wor,jdt_X3toS,pt2_aw3r,ps2_our,kiu_ad3r,zum_hatiS,ckb_ogir,kmr_agir,ps3_our,lrl_taS,lsa_otES,luz_taS,p11_our,p12_or,p13_our,,p14_our,ps4_yer,p15_woro,mnj_yuL3,ntz_otES,p16_our,p17_our,p18_our,oru_r3w3,prc_orX,p19_our,pt3_our,pes_3teS,p20_our,pt4_our,pt5_our,srz_otiS,p21_our,sgh_Elow,siy_uir,sqo_atES,bcc_as,sdh_ayir,fay_taS,p22_our,tgk_otaS,tly_ot3S,p23_wor,p24_wor,vaf_ayr,ps5_yor,wne_aw3r,yai_olou,wb5_roxnig,yah_yec,ydg_yur,p25_wor,diq_adur
av1_panta,av2_pa8,pb1_lar,pb2_lar,bql_Cada,,,ps1_Lar,pb3_lar,pb4_lar,wb1_vodekh,pt1_lar,wb2_vodekh,pb5_lar3,pb6_lar,os1_fEndag,pb7_lar,prs_roh,gzi_re,,,pb8_lial,os2_fEndag,wb3_w3dok,pb9_lar,p10_li3r,jdt_Zix3,pt2_lar,ps2_liar,,zum_tayra,ckb_re,kmr_re,ps3_lar,lrl_jaddamra,lsa_ro,luz_jada,p11_lar,p12_lar,p13_lar,kfm_jade,p14_lar,ps4_liar,p15_laro,mnj_podo,,p16_lar,p17_lar,p18_lar,oru_rai,prc_panon,p19_liar3,pt3_liar,pes_rah,p20_lar,pt4_lar,pt5_lar,srz_Xiobun,p21_liar,sgh_pond,siy_rah,sqo_ra,bcc_dag,sdh_riyig,fay_rah,p22_lar3,tgk_paraXa,tly_r3d,p23_liar,p24_liar,,ps5_liar,wne_lar,yai_rot,wb5_vodEkh,yah_pan,ydg_p3do,p25_li3r,diq_ray
av1_gairiS,av2_gairi,,,,bgp_koh,bgn_koh,,,,,,,,,os1_XonX,,prs_koh,gzi_ku,glk_ku,hac_kaS,,os2_XoX,,,,,,,kiu_ko,zum_ko,ckb_Sox,kmr_Ciya,,lrl_ki,lsa_ki,,,,,,,,,,ntz_ku,,p17_Gar,,,prc_dXor,,,pes_kuh,,,,srz_ku,,sgh_ku,siy_koessan,sqo_ku,bcc_phawad,,fay_koh,,tgk_k3X,tly_bond,,,vaf_ku,,,yai_XEr,,yah_x3rCug,,,diq_kerre
av1_xSap,av2_xSap,pb1_Spa,pb2_Spa,bql_S3w,bgp_Sap,bgn_Sap,ps1_Spa,pb3_Spa,pb4_Spa,wb1_noxt,pt1_Sp3,wb2_noxt,pb5_Spa,pb6_Spa,os1_EXsEvE,pb7_Spa,prs_Sew,gzi_Soi,glk_SEb,hac_Sawa,pb8_Spa,os2_EXSEv,wb3_noxt,pb9_Spa,p10_Spa,jdt_Sew,pt2_Spa,ps2_Spa,kiu_sEw3,zum_So,,kmr_Sev,ps3_Spa,lrl_Sow,lsa_SEw,luz_S3w,p11_Spa,p12_Spa,p13_Spa,kfm_Se,p14_Spa,ps4_Spa,p15_Spa,mnj_turiko,ntz_Sov,p16_Spa,p17_Spa,p18_Spa,oru_Siyo,prc_wEor,p19_Spa,pt3_Spa,pes_Sab,p20_Spa,pt4_Spa,pt5_Spa,srz_Su,p21_Spa,sgh_xob,siy_sow,sqo_Sow,bcc_Saf,sdh_sawi,fay_So,p22_Spa,tgk_Sab,tly_S3v,p23_Spa,p24_Spa,vaf_So,ps5_Spa,wne_Sp3,yai_XSEp,wb5_noxt,yah_Sab,ydg_tiro,p25_Sp3,diq_Sew
av1_p3r3no,av2_p3r3na,,,bql_por,bgp_phur,bgn_ser,,,,,,,,,os1_icag,,prs_por,,,hac_par,,os2_zag,,,,jdt_pur,,,kiu_p3r,,ckb_pir,kmr_tiZi,,,lsa_maSt,luz_por,,,,,,,,,,,p17_dad,,,prc_por,,,pes_por,,,,srz_per,,sgh_Coq,,sqo_por,,,,,tgk_pur,tly_pur,,,vaf_per,,,yai_punn,,yah_xam,,,diq_murd
av1_nauo,av2_nava,pb1_nEwe,pb2_n3we,bql_now,bgp_nokh,bgn_nok,ps1_n3wa,pb3_n3we,pb4_n3we,wb1_Sexd,pt1_n3we,wb2_Sexd,pb5_n3we,pb6_n3wa,os1_nEwEg,,prs_nEw,,,hac_taza,pb8_n3we,os2_nEwEg,wb3_Sexd,pb9_n3we,p10_n3wai,jdt_toze,pt2_n3we,ps2_n3w3,kiu_nEwE,zum_no,ckb_toza,kmr_nu,ps3_n3w3i,lrl_now,,luz_now,p11_n3we,p12_n3w3i,p13_nEwe,kfm_no,p14_n3we,ps4_n3wai,p15_n3we,mnj_n3ve,,p16_n3wai,p17_nawe,p18_n3we,oru_niu,prc_no,p19_n3we,pt3_n3we,pes_t3zeh,p20_n3we,pt4_n3we,pt5_n3w3i,,p21_n3wai,sgh_nEw,siy_nuhu,,bcc_nokh,sdh_nu,,p22_n3we,tgk_nav,tly_toZ3,p23_n3w3,p24_n3wai,,ps5_n3w3i,wne_newa,yai_nEvE,wb5_Sexd,yah_nug,ydg_no,p25_n3w3i,diq_newe
av1_nama,av2_naman,pb1_num,pb2_num,bql_n3,bgp_nam,bgn_nam,ps1_num,pb3_nama,pb4_num,wb1_nuNg,pt1_num,wb2_nuNg,pb5_num,pb6_nama,os1_nom,pb7_num,prs_nom,,,hac_name,pb8_name,os2_nom,wb3_nuNg,pb9_nam3,p10_num,jdt_numine,pt2_num,ps2_n3m,kiu_namE,,ckb_now,kmr_nav,ps3_num,lrl_Xesm,,luz_num,p11_num,p12_nama,p13_num,,p14_num,ps4_num,p15_num,mnj_nom,,p16_num,p17_num,p18_num,oru_nam,prc_nom,p19_nama,pt3_num,pes_esm,p20_num,pt4_num,pt5_num,,p21_nama,sgh_nom,siy_nam,,bcc_nam,sdh_naw,fay_num,p22_num,tgk_nom,tly_nom,p23_nam,p24_num,vaf_nawE,ps5_num,wne_num,yai_nom,wb5_nuNk,yah_n3m,ydg_nam,p25_noma,diq_name
