qbb_omnis,lat_omnis,ruq_tot,ruo_tot,rup_tutu,ron_tot,dlm_toC,fur_dut,ll1_dut,ll2_dut,ro1_tut,ro2_tut,ro3_tot,ro4_twot,pm1_tit,pm2_tit,pm3_tiit,pm4_tit,pm5_tiC,lm1_tEt,lm2_tiC,eg1_tot,eg2_tut,eg3_tut,eg4_tot,li1_titu,li2_titu,li3_titu,ve1_tuto,ve2_tut,ve3_tuto,ito_tuto,ita_tuto,itg_tuto,itf_tutu,nea_tut3,src_totu,sro_totu,sc1_tutu,sc2_tutu,sc3_tutu,sc4_tutu,ca1_tot,ca2_tot,ca3_tot,ca4_tot,ca5_tot,ca6_tot,spa_to8o,ast_too,por_to8u,glg_to8o,pr1_tut,pr2_to,fro_tot,fra_tu,pcd_tu,win_tu
qbb_kinis,lat_kinis,ruq_C3nuS3,ruo_CeruSe,rup_CinuSe,ron_CenuS3,dlm_kEnEisE,fur_Cinize,ll1_C3nd3r,ll2_CendEr,ro1_CEndr3,ro2_CEndr3,ro3_CEndr3,ro4_CEndr3,pm1_s3nEr,pm2_s3nEr,pm3_s3nEr,pm4_sin3r,pm5_sENdri,lm1_sEnder,lm2_SendEr,eg1_TEndrE,eg2_TEndEr,eg3_sEndrE,eg4_sEndrE,li1_seNie,li2_Ceneri,li3_srene,ve1_sEneri,ve2_8eNdre,ve3_8eNdro,ito_Cenere,ita_Cenere,itg_Cenere,itf_Cenere,nea_SEn3r3Sen3r3,src_kisinE,sro_CiniZu,sc1_Ciniri,sc2_Ciniri,sc3_Ciniri,sc4_Ciniri,ca1_sEndr3,ca2_sEndrE,ca3_sEndr3,ca4_sEndrE,ca5_sEndrE,ca6_sEndrE,spa_8eni8E,ast_8eni8E,por_siza,glg_8in8E,pr1_sEndre,pr2_fEdrE,fro_TEndr3,fra_sodr,pcd_SEn,win_sEn
qbb_libEr,lat_NaN,ruq_NaN,ruo_korE,rup_koEZe,ron_skoErT3,dlm_NaN,fur_skuse,ll1_SkorTE,ll2_SkorTE,ro1_Skors3,ro2_Skors3,ro3_Skors3,ro4_SkorT3,pm1_plEiE,pm2_skorsE,pm3_skorsE,pm4_skorsE,pm5_skorsE,lm1_rEskE,lm2_pEl,eg1_skoErTE,eg2_kurtECE,eg3_kurtEsE,eg4_skorsE,li1_skorsE,li2_skorsE,li3_skorsE,ve1_skorsE,ve2_skor8E,ve3_skor8E,ito_skorTE,ita_korteCE,itg_buCE,itf_korteCE,nea_SkorT3,src_ko8ikinE,sro_skroZu,sc1_SkworCE,sc2_skoCE,sc3_skorCE,sc4_SkoCE,ca1_3skors3,ca2_EskorsE,ca3_3skors3,ca4_krostE,ca5_EskorsE,ca6_korfE,spa_korte8E,ast_korte8E,por_kESka,glg_korte8E,pr1_risko,pr2_ekErsE,fro_eskorT3,fra_ekors,pcd_plEt,win_skwEs
qbb_wEntEr,lat_vEntEr,ruq_foEli,ruo_t3rbux,rup_pintiku,ron_burt3,dlm_viEntro,fur_pEnTe,ll1_v3nt3r,ll2_venter,ro1_vEnt3r,ro2_vEnt3r,ro3_vEint3r,ro4_vEint3r,pm1_pENsE,pm2_pENsE,pm3_pENsE,pm4_pENsE,pm5_pENsE,lm1_pEnsE,lm2_ventru,eg1_panTE,eg2_pEnTE,eg3_pEnsE,eg4_pEnsE,li1_pENsE,li2_pENsE,li3_pENsE,ve1_pENsE,ve2_pEN8E,ve3_pEN8E,ito_vEntre,ita_vEntre,itg_pEnCE,itf_tripu,nea_pEnT3,src_frente,sro_brEnti,sc1_pEnTE,sc2_pEnTE,sc3_pEnTE,sc4_pEnTE,ca1_pENS3,ca2_pENCE,ca3_pENS3,ca4_pENCE,ca5_pENCE,ca6_pENCE,spa_tripE,ast_bErigE,por_barixa,glg_bErixE,pr1_vEntre,pr2_vEtro,fro_vEntr3,fra_votr,pcd_poS,win_vEt
qbb_mENnus,lat_grEndis,ruq_mEri,ruo_more,rup_mEre,ron_mEre,dlm_mEwr,fur_grEnt,ll1_grEnt,ll2_grEn,ro1_gront,ro2_gront,ro3_gront,ro4_gront,pm1_grENd,pm2_gros,pm3_grENd,pm4_grENd,pm5_gros,lm1_gros,lm2_grEnt,eg1_grand,eg2_grEnd,eg3_gros,eg4_grEnd,li1_grosu,li2_grEsu,li3_grosu,ve1_grENdo,ve2_grENt,ve3_grENt,ito_grEnde,ita_grEnde,itg_groso,itf_grosu,nea_rwos3,src_mEnu,sro_mEnu,sc1_rEni,sc2_rosu,sc3_rEni,sc4_rEni,ca1_grEn,ca2_grEn,ca3_gros,ca4_grEn,ca5_grEn,ca6_grEn,spa_grEnde,ast_grEnde,por_grand3,glg_grEnde,pr1_grEnt,pr2_grE,fro_grEnt,fra_gro,pcd_gro,win_grE
qbb_Ewis,lat_Evis,ruq_puL,ruo_puL,rup_puLu,ron_pEs3re,dlm_uCul,fur_uCEl,ll1_uCel,ll2_uCel,ro1_uCE,ro2_uCi,ro3_uCel,ro4_uCE,pm1_uzEl,pm2_uzEl,pm3_uzEl,pm4_uzEl,pm5_izEl,lm1_oTEl,lm2_ulCEl,eg1_uzEl,eg2_uzEl,eg3_uzEl,eg4_uzEl,li1_owZelu,li2_EwZelu,li3_owZe,ve1_ozEo,ve2_uzEl,ve3_ozEl,ito_uCElo,ita_uCElo,itg_uCElo,itf_Celu,nea_EwSiel3,src_puZone,sro_piloni,sc1_ECiEdu,sc2_ECidu,sc3_ECEdu,sc4_EwCiEdu,ca1_useL,ca2_miSo,ca3_p3r8El,ca4_pEr8El,ca5_pEr8El,ca6_pEr8El,spa_pExEro,ast_pESEro,por_Ev3,glg_Ebe,pr1_Ewsw,pr2_EiZo,fro_oizel,fra_wEzo,pcd_ozio,win_oZe
qbb_morderE,lat_morderE,ruq_muCku,ruo_muCko,rup_miSku,ron_EmuSkE,dlm_morskwor,fur_mwErdi,ll1_mord3r,ll2_morder,ro1_mord3r,ro2_mord3r,ro3_mord3r,ro4_mord3r,pm1_mordi,pm2_morde,pm3_morde,pm4_morde,pm5_mordi,lm1_piE,lm2_kENE,eg1_murse,eg2_zgENEr,eg3_muzgEr,eg4_muzgEr,li1_morde,li2_morde,li3_morde,ve1_morsegEr,ve2_mor8er,ve3_mor8Er,ito_mordere,ita_mordere,itg_morsikEre,itf_moCikE,nea_muT3kE,src_mosigEre,sro_musiEi,sc1_muTikEri,sc2_muTikEri,sc3_muTikEri,sc4_muTikEri,ca1_mus3xE,ca2_mosexE,ca3_mus3xE,ca4_mosexEr,ca5_mosexEr,ca6_mosexEr,spa_mor8er,ast_morder,por_mur8er,glg_mor8er,pr1_mordre,pr2_mErdre,fro_mordr3,fra_mordr,pcd_mord,win_ENe
qbb_EtEr,lat_EtEr,ruq_negru,ruo_negru,rup_lEiu,ron_negru,dlm_niEr,fur_neri,ll1_foSk,ll2_neiger,ro1_nEir,ro2_ner,ro3_ne3r,ro4_nEir,pm1_nEir,pm2_nEir,pm3_nEir,pm4_nEir,pm5_neru,lm1_nigEr,lm2_negru,eg1_nigEr,eg2_nEgEr,eg3_neger,eg4_niger,li1_neigru,li2_neigru,li3_nEigru,ve1_nero,ve2_negro,ve3_nero,ito_nero,ita_nero,itg_nero,itf_niru,nea_nir3,src_nigedu,sro_niedu,sc1_nivuru,sc2_niuru,sc3_niuru,sc4_niviru,ca1_nExr3,ca2_nexre,ca3_nExr3,ca4_nexre,ca5_nexre,ca6_nexre,spa_nexro,ast_negro,por_pretu,glg_nexro,pr1_negre,pr2_nEi,fro_noir,fra_nwEr,pcd_nwer,win_nwEr
qbb_sENgwis,lat_sENgwis,ruq_sonzi,ruo_s3nze,rup_sinZe,ron_sinZe,dlm_swoNg,fur_sENk,ll1_sENk,ll2_sENk,ro1_sENk,ro2_sEwNk,ro3_sENk,ro4_sENk,pm1_sENg,pm2_sENg,pm3_sENg,pm4_sENg,pm5_sEN,lm1_sENk,lm2_sENk,eg1_saNgv,eg2_sENg,eg3_sENgev,eg4_sENgov,li1_sENgwe,li2_sENgwe,li3_sENgwe,ve1_sENgwe,ve2_sENgwe,ve3_sENgwe,ito_sENgwe,ita_sENgwe,itg_sENgwe,itf_sENgwe,nea_sENg3,src_sEmbene,sro_sENguni,sc1_sENgu,sc2_sENgu,sc3_sENgu,sc4_sENku,ca1_sEN,ca2_sEN,ca3_sENk,ca4_sENk,ca5_sENk,ca6_sENk,spa_sENgre,ast_sENgre,por_saNg3,glg_sENge,pr1_sENk,pr2_sE,fro_sENk,fra_so,pcd_so,win_sE
qbb_os,lat_os,ruq_wos,ruo_os,rup_osu,ron_os,dlm_vwEs,fur_vwEs,ll1_os,ll2_os,ro1_os,ro2_ies,ro3_os,ro4_os,pm1_os,pm2_os,pm3_os,pm4_os,pm5_os,lm1_os,lm2_os,eg1_os,eg2_os,eg3_os,eg4_os,li1_osu,li2_Esu,li3_osu,ve1_oso,ve2_os,ve3_os,ito_oso,ita_oso,itg_oso,itf_osu,nea_wos3,src_osu,sro_osu,sc1_wosu,sc2_osu,sc3_osu,sc4_wosu,ca1_os,ca2_os,ca3_os,ca4_os,ca5_os,ca6_os,spa_weso,ast_gweso,por_osu,glg_oso,pr1_os,pr2_o,fro_os,fra_os,pcd_oS,win_oS
qbb_pEktus,lat_pEktus,ruq_tept,ruo_kLept,rup_teptu,ron_piept,dlm_piEt,fur_pEt,ll1_piet,ll2_piet,ro1_pET,ro2_pET,ro3_pET,ro4_pet,pm1_pEt,pm2_pEt,pm3_stomi,pm4_pEt,pm5_stomik,lm1_stomEk,lm2_StumEk,eg1_pEt,eg2_pEt,eg3_pEt,eg4_stomeg,li1_kESetE,li2_petu,li3_pEtu,ve1_peto,ve2_tete,ve3_pEt,ito_pEto,ita_pEto,itg_pEto,itf_petu,nea_piet3,src_petorE,sro_piturE,sc1_piEtu,sc2_pEtu,sc3_pEtu,sc4_piEtu,ca1_pit,ca2_pit,ca3_pit,ca4_pit,ca5_pit,ca6_pit,spa_peCo,ast_peCo,por_paitu,glg_peito,pr1_peitrino,pr2_EstomE,fro_piT,fra_pwEtrin,pcd_pwetrEn,win_pwEtrin
qbb_urErE,lat_urErE,ruq_Ert,ruo_pEli,rup_Erdu,ron_EErde,dlm_NaN,fur_brusE,ll1_bruZE,ll2_bruZEr,ro1_Erd3r,ro2_b3rSEr,ro3_Erd3r,ro4_Erd3r,pm1_brize,pm2_brize,pm3_brize,pm4_brize,pm5_brizE,lm1_briTE,lm2_brizE,eg1_bruze,eg2_bruzEr,eg3_bruzEr,eg4_bruzer,li1_briZE,li2_briZE,li3_briZE,ve1_bruzEr,ve2_bruzEr,ve3_bruzEr,ito_bruSEre,ita_bruCEre,itg_bruCEre,itf_vruCE,nea_EbruSE,src_brusiEre,sro_EbruZEi,sc1_EbruCEri,sc2_bEmpEri,sc3_bruCEri,sc4_EbruSEri,ca1_kr3mE,ca2_kremE,ca3_kr3mE,ca4_kremEr,ca5_kremEr,ca6_kremEr,spa_kemEr,ast_kemEr,por_kaimEr,glg_keimEr,pr1_brilE,pr2_brilE,fro_Erdr3,fra_brile,pcd_brile,win_brile
qbb_uNgwis,lat_uNgwis,ruq_ungL3,ruo_uNgLe,rup_ungLe,ron_uNgie,dlm_oNglE,fur_oNgule,ll1_ondlE,ll2_ombiE,ro1_uNgl3,ro2_uNgl3,ro3_uNgl3,ro4_uNgl3,pm1_uNZE,pm2_uNZE,pm3_uNZE,pm4_uNZE,pm5_oNZE,lm1_onZE,lm2_unZE,eg1_onZE,eg2_onZE,eg3_uNZE,eg4_onZE,li1_uNZE,li2_uNZE,li3_uNZE,ve1_oNZE,ve2_oNZE,ve3_oNZE,ito_uNgiE,ita_uNgiE,itg_uNgiE,itf_oNE,nea_oN3oN3,src_uNgrE,sro_uNgE,sc1_uNE,sc2_uNE,sc3_uNE,sc4_uNE,ca1_uNgl3,ca2_uNglE,ca3_uNgl3,ca4_uNglE,ca5_uNglE,ca6_uNglE,spa_uNE,ast_uNE,por_uNa,glg_unLE,pr1_uNglo,pr2_ogLE,fro_eNgl3,fra_gl,pcd_og,win_ok
qbb_nubis,lat_nubes,ruq_nor,ruo_oblok,rup_nioru,ron_nor,dlm_nuvol,fur_nul,ll1_niblE,ll2_nigolE,ro1_niv3l,ro2_nib3l,ro3_nEiv3l,ro4_nivl3,pm1_nivulE,pm2_nivulE,pm3_nivulE,pm4_nuvulE,pm5_niwlE,lm1_niol,lm2_nigulE,eg1_nuvlE,eg2_nuvEl,eg3_nuvlE,eg4_novlE,li1_nivuE,li2_niviE,li3_nigjE,ve1_nuvoeE,ve2_nuvolE,ve3_nuvolE,ito_nube,ita_nuvolE,itg_nuvolE,itf_nuolE,nea_nuv3l3,src_nue,sro_nui,sc1_nuvulE,sc2_nuvulE,sc3_nuvulE,sc4_nuvulE,ca1_nubul,ca2_nubol,ca3_nivulEt,ca4_nuvol,ca5_nubol,ca6_nubol,spa_nube,ast_nube,por_nuvai,glg_nube,pr1_nive,pr2_NolE,fro_ni3,fra_njEZ,pcd_njEZ,win_nuwEC
qbb_frigidus,lat_frigidus,ruq_rETi,ruo_roCe,rup_ErETe,ron_reCe,dlm_gelwEt,fur_fret,ll1_fr3it,ll2_freit,ro1_frEit,ro2_frEit,ro3_frEit,ro4_frEit,pm1_frEid,pm2_frEid,pm3_frEid,pm4_freid,pm5_frEC,lm1_frEC,lm2_freC,eg1_ZETe,eg2_fred,eg3_frEd,eg4_frEd,li1_freidu,li2_freidu,li3_freZu,ve1_fredo,ve2_fret,ve3_fret,ito_fredo,ita_fredo,itg_diECo,itf_fridu,nea_frid3,src_fritu,sro_fri8u,sc1_fridu,sc2_fridu,sc3_fridu,sc4_fridu,ca1_frEt,ca2_fret,ca3_frEt,ca4_fret,ca5_fret,ca6_fret,spa_frio,ast_frio,por_friu,glg_frio,pr1_fre,pr2_frEi,fro_froit,fra_frwE,pcd_frwe,win_frE
qbb_wEnirE,lat_vEnirE,ruq_vin,ruo_veri,rup_zinu,ron_Eveni,dlm_venEr,fur_viNi,ll1_uni,ll2_veNir,ro1_v3Nir,ro2_v3Nir,ro3_nEkr,ro4_Nir,pm1_vni,pm2_vni,pm3_vni,pm4_veNe,pm5_Ni,lm1_EN,lm2_veNi,eg1_vni,eg2_Nir,eg3_Nir,eg4_Nir,li1_veNi,li2_veNi,li3_veNi,ve1_venir,ve2_vENer,ve3_veniEr,ito_venire,ita_venire,itg_venire,itf_vini,nea_v3ni,src_benere,sro_bEni,sc1_viEniri,sc2_vEniri,sc3_vEniri,sc4_vEniri,ca1_b3ni,ca2_bindre,ca3_v3ni,ca4_vindre,ca5_bindre,ca6_bindre,spa_benir,ast_benir,por_vir,glg_bir,pr1_veni,pr2_mNi,fro_v3nir,fra_v3nir,pcd_vnir,win_vini
qbb_mori,lat_mori,ruq_mor,ruo_muri,rup_moru,ron_Emuri,dlm_morEr,fur_muri,ll1_muri,ll2_morir,ro1_murir,ro2_murir,ro3_murEkr,ro4_murir,pm1_mEire,pm2_mEire,pm3_mEire,pm4_mEire,pm5_mEri,lm1_mEr,lm2_muri,eg1_muri,eg2_murir,eg3_murir,eg4_murir,li1_mui,li2_mui,li3_mii,ve1_morir,ve2_morir,ve3_morir,ito_morire,ita_morire,itg_morire,itf_muri,nea_muri,src_morere,sro_mori,sc1_mworiri,sc2_moriri,sc3_moriri,sc4_mozi,ca1_muri,ca2_mori,ca3_muri,ca4_morir,ca5_morir,ca6_morir,spa_morir,ast_morer,por_murer,glg_morer,pr1_muri,pr2_mori,fro_morir,fra_murir,pcd_mwerir,win_mori
qbb_kEnis,lat_kEnis,ruq_koini,ruo_brek,rup_kine,ron_kiine,dlm_kwoN,fur_tEN,ll1_SEN,ll2_SEN,ro1_SEwn,ro2_SEwn,ro3_tEN,ro4_SEn,pm1_kEN,pm2_kEN,pm3_kEN,pm4_kEN,pm5_kEN,lm1_kE,lm2_kEN,eg1_kan,eg2_kEn,eg3_kEN,eg4_kEn,li1_kEN,li2_kEN,li3_kEN,ve1_kEN,ve2_kEN,ve3_kEN,ito_kEne,ita_kEne,itg_kEne,itf_kEne,nea_kEn3,src_kEne,sro_kEi,sc1_kEni,sc2_kEni,sc3_kEni,sc4_kEni,ca1_gos,ca2_gos,ca3_kE,ca4_gos,ca5_gos,ca6_gos,spa_pero,ast_pero,por_ka,glg_kEN,pr1_CiN,pr2_8E,fro_Cien,fra_Si,pcd_kiE,win_C
qbb_bibErE,lat_bibErE,ruq_beEw,ruo_bE,rup_beEw,ron_EbeE,dlm_bEr,fur_bEvi,ll1_bev3r,ll2_beiver,ro1_bEiv3r,ro2_bEib3r,ro3_bev3r,ro4_bEiv3r,pm1_bEive,pm2_bEive,pm3_bEive,pm4_beive,pm5_bevi,lm1_bif,lm2_bef,eg1_be,eg2_bEEr,eg3_bEver,eg4_bEver,li1_beie,li2_bEive,li3_bEive,ve1_bEver,ve2_bever,ve3_bere,ito_bere,ita_bere,itg_bE,itf_be,nea_vEb3r3veb3r3,src_bufEre,sro_bufEi,sc1_viviri,sc2_biviri,sc3_viviri,sc4_viviri,ca1_bEwr3,ca2_bewre,ca3_bEwr3,ca4_bewre,ca5_bewre,ca6_bewre,spa_beber,ast_beber,por_b3ber,glg_beber,pr1_bewre,pr2_bEire,fro_boivr3,fra_bwEr,pcd_bwer,win_bwEr
qbb_sikus,lat_sikus,ruq_uskEt,ruo_uskot,rup_uskEtu,ron_uskEt,dlm_swEt,fur_sut,ll1_sut,ll2_sut,ro1_siS,ro2_SeS,ro3_sit,ro4_sit,pm1_siit,pm2_sEk,pm3_sEk,pm4_sEk,pm5_sEk,lm1_sEk,lm2_siC,eg1_sEk,eg2_sut,eg3_sut,eg4_sot,li1_seku,li2_seku,li3_seku,ve1_seko,ve2_sut,ve3_sek,ito_seko,ita_seko,itg_seko,itf_siku,nea_sik3,src_siku,sro_sikEw,sc1_siku,sc2_siku,sc3_siku,sc4_siku,ca1_sEk,ca2_sek,ca3_sEk,ca4_sek,ca5_sek,ca6_sek,spa_seko,ast_seko,por_seku,glg_seko,pr1_se,pr2_sE,fro_sEk,fra_sEk,pcd_se,win_sEC
qbb_Ewris,lat_Ewris,ruq_ureEkL3,ruo_urEkLe,rup_ureEkLe,ron_ureke,dlm_orEklE,fur_orEle,ll1_ur3dlE,ll2_ureiE,ro1_ureL3,ro2_ureL3,ro3_urei3,ro4_urEL3,pm1_uriiE,pm2_uriiE,pm3_uriiE,pm4_uriiE,pm5_urEZE,lm1_orEZE,lm2_ureZE,eg1_urECE,eg2_urECE,eg3_urECE,eg4_urECE,li1_EweZe,li2_wEZE,li3_wEZE,ve1_rECE,ve2_reCE,ve3_reCE,ito_orekiE,ita_orekio,itg_orekio,itf_rekiE,nea_reki3,src_orikrE,sro_orixE,sc1_Erikiu,sc2_riki,sc3_Erikiu,sc4_EwriCE,ca1_urEL3,ca2_EwreLE,ca3_urE3,ca4_oreLE,ca5_oreLE,ca6_oreLE,spa_orexE,ast_oreiE,por_oreLa,glg_oreLE,pr1_Ewrio,pr2_orLo,fro_orEL3,fra_orEi,pcd_orEl,win_orEi
qbb_tErE,lat_tErE,ruq_TEr3,ruo_pemint,rup_TEr3,ron_p3mint,dlm_tErE,fur_tiEre,ll1_ti3rE,ll2_terE,ro1_tEr3,ro2_tiEr3,ro3_ter3,ro4_tEr3,pm1_tErE,pm2_tErE,pm3_tErE,pm4_terE,pm5_tErE,lm1_tErE,lm2_tErE,eg1_tErE,eg2_tErE,eg3_tErE,eg4_tErE,li1_tErE,li2_tErE,li3_tErE,ve1_tErE,ve2_tErE,ve3_tErE,ito_tErE,ita_tErE,itg_tErE,itf_tErE,nea_tEr3,src_terE,sro_tErE,sc1_tiEzE,sc2_tErE,sc3_tErE,sc4_tEzE,ca1_tEr3,ca2_tErE,ca3_tEr3,ca4_tErE,ca5_tErE,ca6_tErE,spa_tierE,ast_tierE,por_tEra,glg_tErE,pr1_tEro,pr2_tErE,fro_tEr3,fra_tEr,pcd_tiEr,win_tEr
qbb_edErE,lat_edErE,ruq_m3nEnk,ruo_m3Nko,rup_miku,ron_EmiNkE,dlm_mEnEiko,fur_mEndE,ll1_mEi3,ll2_mENEr,ro1_m3nZEr,ro2_m3LEr,ro3_m3Ler,ro4_m3nZEr,pm1_mENZe,pm2_mENZe,pm3_mENZe,pm4_mEnZe,pm5_mENZE,lm1_mENZE,lm2_mENZE,eg1_mENe,eg2_mENEr,eg3_mENEr,eg4_mENEr,li1_mENZE,li2_mENZE,li3_mENZE,ve1_mENEr,ve2_mENEr,ve3_mENEr,ito_mEnZEre,ita_mEnZEre,itg_mEnZEre,itf_mENE,nea_mENE,src_mEndigEre,sro_pEpEi,sc1_mEnCEri,sc2_mEnCEri,sc3_mEnCEri,sc4_mEnCEri,ca1_m3NZE,ca2_meNZE,ca3_m3NZE,ca4_meNZEr,ca5_meNCEr,ca6_meNCEr,spa_komer,ast_komer,por_kumer,glg_komer,pr1_mEnZE,pr2_bZi,fro_mEnZier,fra_moZe,pcd_mEZe,win_muNe
qbb_owu,lat_ovu,ruq_wow,ruo_ov,rup_ow,ron_ow,dlm_iuv,fur_uf,ll1_wef,ll2_ef,ro1_of,ro2_ief,ro3_of,ro4_Ef,pm1_Ev,pm2_Ev,pm3_Ew,pm4_Ev,pm5_Ef,lm1_of,lm2_Ef,eg1_ov,eg2_ov,eg3_ov,eg4_ov,li1_Evu,li2_Evu,li3_Evu,ve1_vovo,ve2_ow,ve3_ovo,ito_wovo,ita_wovo,itg_ovo,itf_ou,nea_wov3,src_ovu,sro_ow,sc1_wovu,sc2_ovu,sc3_ovu,sc4_wovu,ca1_ow,ca2_ow,ca3_ow,ca4_ow,ca5_ow,ca6_ow,spa_webo,ast_gwebo,por_ovu,glg_obo,pr1_iow,pr2_wE,fro_wEf,fra_Ef,pcd_je,win_i
qbb_okulus,lat_okulus,ruq_wokLu,ruo_okLu,rup_okLu,ron_ok,dlm_vEklo,fur_voli,ll1_wedl,ll2_eie,ro1_eL,ro2_eL,ro3_iL,ro4_EL,pm1_Ei,pm2_Ei,pm3_Ei,pm4_Ei,pm5_EC,lm1_EC,lm2_EC,eg1_oC,eg2_oC,eg3_oC,eg4_oC,li1_EZu,li2_EZu,li3_EZu,ve1_oCo,ve2_oCo,ve3_oCo,ito_okio,ita_okio,itg_okio,itf_okiu,nea_woki3,src_okru,sro_oxu,sc1_wokiu,sc2_okiu,sc3_okiu,sc4_woCu,ca1_uL,ca2_uL,ca3_ui,ca4_uL,ca5_uL,ca6_uL,spa_oxo,ast_gweio,por_oLu,glg_oLo,pr1_jEi,pr2_Zi,fro_wEL,fra_Ei,pcd_El,win_ui
qbb_piNgwE,lat_NaN,ruq_gr3simi,ruo_most,rup_gr3sime,ron_gr3sime,dlm_gres,fur_grEs,ll1_grEs,ll2_grEs,ro1_grEs,ro2_grEs,ro3_grEs,ro4_grEs,pm1_grEs,pm2_grEs,pm3_grEs,pm4_grEs,pm5_grEs,lm1_grEs,lm2_grEs,eg1_grEs,eg2_grEs,eg3_grEs,eg4_grEs,li1_grEsu,li2_grEsu,li3_grESE,ve1_grEso,ve2_grEs,ve3_grEs,ito_grEso,ita_grEso,itg_grEso,itf_lErdu,nea_grEs3,src_rEsu,sro_grEsu,sc1_rEsu,sc2_rEsu,sc3_rEsu,sc4_rEsu,ca1_greS,ca2_greiS,ca3_sEw,ca4_greiS,ca5_greiS,ca6_greiS,spa_grEsE,ast_grEsE,por_gur8ura,glg_grESE,pr1_grEs,pr2_gresE,fro_kreis3,fra_grEs,pcd_krE,win_krES
qbb_pEnE,lat_pinE,ruq_peEn3,ruo_pEnE,rup_peEn3,ron_pEn3,dlm_pEinE,fur_plume,ll1_plumE,ll2_piumE,ro1_plim3,ro2_plem3,ro3_plem3,ro4_pEn3,pm1_piimE,pm2_piimE,pm3_piimE,pm4_piimE,pm5_piimE,lm1_piEmE,lm2_piimE,eg1_pEnE,eg2_pEnE,eg3_pEnE,eg4_piomE,li1_peNE,li2_penE,li3_CimE,ve1_penE,ve2_piumE,ve3_penE,ito_penE,ita_penE,itg_penE,itf_penE,nea_pen3,src_prumE,sro_pinE,sc1_pinE,sc2_pinE,sc3_pinE,sc4_piumE,ca1_plom3,ca2_plomE,ca3_plom3,ca4_plomE,ca5_plomE,ca6_plomE,spa_plumE,ast_plumE,por_pena,glg_plumE,pr1_plimo,pr2_pLomE,fro_plim3,fra_plim,pcd_plEm,win_plim
qbb_iNnis,lat_iNnis,ruq_fok,ruo_fok,rup_foku,ron_fok,dlm_fuk,fur_fuk,ll1_fwek,ll2_fek,ro1_fiew,ro2_fiuk,ro3_fi,ro4_fE,pm1_fE,pm2_fE,pm3_fE,pm4_fE,pm5_fEk,lm1_fEk,lm2_fEk,eg1_fug,eg2_fog,eg3_fog,eg4_fog,li1_fEgu,li2_fEgu,li3_fE,ve1_fogo,ve2_fok,ve3_fogo,ito_fwoko,ita_fwoko,itg_foko,itf_foku,nea_fok3,src_fogu,sro_foxu,sc1_fwoku,sc2_foku,sc3_foku,sc4_fwoku,ca1_fok,ca2_fok,ca3_fok,ca4_fok,ca5_fok,ca6_fok,spa_fwexo,ast_fweu,por_foxu,glg_foxo,pr1_fio,pr2_fwE,fro_few,fra_fE,pcd_fi,win_fE
qbb_piskis,lat_piskis,ruq_peESti,ruo_ribE,rup_pesku,ron_peSte,dlm_piEs,fur_pEs,ll1_p3S,ll2_peS,ro1_peS,ro2_pES,ro3_peS,ro4_peS,pm1_pEs,pm2_p3s,pm3_pEs,pm4_pes,pm5_pEs,lm1_pEs,lm2_pEs,eg1_pEs,eg2_pEs,eg3_pEs,eg4_pEs,li1_pESu,li2_peSu,li3_pESu,ve1_pese,ve2_pes,ve3_pes,ito_peSe,ita_peSe,itg_peSe,itf_peSe,nea_peS3,src_piske,sro_piSi,sc1_piSi,sc2_piSi,sc3_piSi,sc4_piSi,ca1_peS,ca2_peiS,ca3_peS,ca4_peiS,ca5_peiS,ca6_peiS,spa_pe8,ast_peSe,por_paiS3,glg_peiSe,pr1_pEis,pr2_pEiso,fro_poisen,fra_pwEs,pcd_piSo,win_pES
qbb_wolErE,lat_volErE,ruq_p3r3ies,ruo_leti,rup_EsboEiru,ron_EzburE,dlm_NaN,fur_zvolE,ll1_ZulE,ll2_ZgolEr,ro1_ZgulEr,ro2_ZgulEr,ro3_ZgulEr,ro4_Zv3lEr,pm1_vule,pm2_vule,pm3_vule,pm4_vule,pm5_vulE,lm1_ulE,lm2_gulE,eg1_vule,eg2_vulEr,eg3_vulEr,eg4_vulEr,li1_ZuE,li2_ZoE,li3_ZvuE,ve1_volEr,ve2_volEr,ve3_volEr,ito_volEre,ita_volEre,itg_volEre,itf_volE,nea_vulE,src_bolEre,sro_bolEi,sc1_vulEri,sc2_vulEri,sc3_vulEri,sc4_EbulEri,ca1_bulE,ca2_bolE,ca3_vulE,ca4_volEr,ca5_bolEr,ca6_bolEr,spa_bolEr,ast_bolEr,por_vuEr,glg_boEr,pr1_vulE,pr2_volE,fro_voler,fra_vole,pcd_vole,win_vole
qbb_pes,lat_pes,ruq_piCor,ruo_piCor,rup_CiCoru,ron_piCor,dlm_pins,fur_pit,ll1_pe,ll2_pe,ro1_pe,ro2_pei,ro3_pe,ro4_pE,pm1_pe,pm2_pe,pm3_pe,pm4_pe,pm5_pE,lm1_pe,lm2_pE,eg1_pe,eg2_piE,eg3_pe,eg4_pE,li1_pe,li2_pe,li3_pe,ve1_pie,ve2_pie,ve3_pie,ito_piE,ita_piEde,itg_piEde,itf_fetE,nea_pEr3,src_pede,sro_pEi,sc1_piEri,sc2_pEri,sc3_pEdi,sc4_pEri,ca1_pEw,ca2_pEw,ca3_pEw,ca4_pEw,ca5_pEw,ca6_pEw,spa_pie,ast_pie,por_pE,glg_pE,pr1_pEt,pr2_pi,fro_pie,fra_pie,pcd_pie,win_pi
qbb_plenus,lat_plenus,ruq_amplin,ruo_pLir,rup_plinu,ron_plin,dlm_plEin,fur_plEN,ll1_pl3N,ll2_pieN,ro1_plEin,ro2_plEin,ro3_plEN,ro4_plEin,pm1_piEN,pm2_piEN,pm3_piEN,pm4_pieN,pm5_piN,lm1_pie,lm2_piee,eg1_pin,eg2_pin,eg3_pin,eg4_pin,li1_piN,li2_piN,li3_CEN,ve1_piEN,ve2_pieN,ve3_pieN,ito_piEno,ita_piEno,itg_piEno,itf_pienu,nea_kin3,src_prenu,sro_prenu,sc1_kinu,sc2_kinu,sc3_kinu,sc4_Cinu,ca1_plE,ca2_ple,ca3_plE,ca4_ple,ca5_ple,ca6_ple,spa_Leno,ast_enLeno,por_Saiu,glg_Ceo,pr1_pleN,pr2_pLE,fro_plein,fra_pl,pcd_plE,win_pl
qbb_dErE,lat_dErE,ruq_dEw,ruo_do,rup_dEw,ron_EdE,dlm_dwor,fur_dE,ll1_dE,ll2_dEr,ro1_dEr,ro2_dEr,ro3_dEr,ro4_dEr,pm1_dE,pm2_de,pm3_de,pm4_dE,pm5_dE,lm1_dE,lm2_dE,eg1_de,eg2_dEr,eg3_dEr,eg4_dEr,li1_dE,li2_dE,li3_dE,ve1_dEr,ve2_dEr,ve3_dEr,ito_dEre,ita_dEre,itg_dEre,itf_dE,nea_dE,src_dEre,sro_donEi,sc1_dEri,sc2_dEri,sc3_dEri,sc4_dEri,ca1_dunE,ca2_donE,ca3_dunE,ca4_donEr,ca5_donEr,ca6_donEr,spa_dEr,ast_dEr,por_dEr,glg_dEr,pr1_dunE,pr2_bELi,fro_dener,fra_done,pcd_bEie,win_dine
qbb_bonus,lat_bonus,ruq_bun,ruo_bur,rup_bunu,ron_bun,dlm_buN,fur_boN,ll1_boN,ll2_boN,ro1_bun,ro2_bien,ro3_buN,ro4_bun,pm1_buN,pm2_buN,pm3_buN,pm4_buN,pm5_boN,lm1_bi,lm2_buN,eg1_bown,eg2_bon,eg3_bown,eg4_bown,li1_buN,li2_buN,li3_buN,ve1_boN,ve2_boN,ve3_boN,ito_bwono,ita_bwono,itg_bono,itf_bonu,nea_bwon3,src_vonu,sro_bonu,sc1_bwonu,sc2_bonu,sc3_bonu,sc4_bwonu,ca1_bo,ca2_bo,ca3_bo,ca4_bo,ca5_bo,ca6_bo,spa_bweno,ast_boN,por_be,glg_bo,pr1_boN,pr2_bo,fro_ben,fra_b,pcd_bwE,win_b
qbb_wiridis,lat_viridis,ruq_veErdi,ruo_zelen,rup_veErde,ron_verde,dlm_viErd,fur_vErt,ll1_v3rt,ll2_vert,ro1_vErt,ro2_vErt,ro3_vErt,ro4_vErt,pm1_vErd,pm2_vErd,pm3_vErd,pm4_vErd,pm5_vert,lm1_ert,lm2_vert,eg1_ver,eg2_verd,eg3_verd,eg4_vEird,li1_verde,li2_vErde,li3_vErde,ve1_verde,ve2_vert,ve3_vert,ito_verde,ita_verde,itg_verde,itf_verde,nea_vErd3,src_virde,sro_birdi,sc1_virdi,sc2_vidi,sc3_virdi,sc4_virdi,ca1_bErt,ca2_bErt,ca3_vErt,ca4_vErt,ca5_bErt,ca6_bErt,spa_ber8e,ast_berde,por_ver83,glg_berde,pr1_vert,pr2_vE,fro_vErt,fra_vEr,pcd_vEr,win_vEr
qbb_kEpilus,lat_kEpilus,ruq_per,ruo_per,rup_peru,ron_p3r,dlm_kEpei,fur_tEvEi,ll1_SEv3i,ll2_SEvei,ro1_S3vEls,ro2_k3vELs,ro3_t3vEls,ro4_S3vEls,pm1_kEvEi,pm2_kEvEi,pm3_kEvEi,pm4_kEvei,pm5_kEvEi,lm1_kiei,lm2_kEvEl,eg1_kEvEl,eg2_kEvi,eg3_kEvi,eg4_kEvi,li1_kEveli,li2_kEveli,li3_kEvEii,ve1_kEvei,ve2_kEvei,ve3_kEvei,ito_kEpelo,ita_kEpelo,itg_kEpeli,itf_kEpilu,nea_kEpil3,src_pilos,sro_piluzu,sc1_kEpidi,sc2_kEpidi,sc3_kEpidi,sc4_kEpidi,ca1_k3bEL,ca2_kEbeL,ca3_k3bEi,ca4_kEbeL,ca5_kEbeL,ca6_moNo,spa_pelo,ast_pelo,por_kabelu,glg_kEbelo,pr1_pEw,pr2_SevE,fro_C3vel,fra_S3vE,pcd_kEvio,win_CivE
qbb_mEnus,lat_mEnus,ruq_mon3,ruo_m3r,rup_min3,ron_min3,dlm_mwoN,fur_mEN,ll1_mEN,ll2_mEN,ro1_mEwn,ro2_mEwn,ro3_mEN,ro4_mEn,pm1_mEN,pm2_mEN,pm3_mEN,pm4_mEN,pm5_mEN,lm1_mE,lm2_mEN,eg1_man,eg2_mEn,eg3_mEN,eg4_mEn,li1_mEN,li2_mEN,li3_mEN,ve1_mEN,ve2_mEN,ve3_mEN,ito_mEno,ita_mEno,itg_mEno,itf_mEno,nea_mEn3,src_mEnu,sro_mEnu,sc1_mEnu,sc2_mEnu,sc3_mEnu,sc4_mEnu,ca1_mE,ca2_mE,ca3_mE,ca4_mE,ca5_mE,ca6_mE,spa_mEno,ast_mEno,por_ma,glg_mEN,pr1_mEN,pr2_mE,fro_mein,fra_m,pcd_mE,win_mw
qbb_kEput,lat_kEput,ruq_kEp,ruo_kop,rup_kEpu,ron_kEp,dlm_kup,fur_tEf,ll1_C3,ll2_Cef,ro1_SEw,ro2_SEw,ro3_te3,ro4_Sew,pm1_tEstE,pm2_tEstE,pm3_testE,pm4_testE,pm5_tEstE,lm1_ko,lm2_koo,eg1_tEstE,eg2_ko,eg3_tEstE,eg4_tEstE,li1_testE,li2_testE,li3_tEstE,ve1_tEstE,ve2_tEstE,ve3_tEstE,ito_kEpo,ita_tEstE,itg_tEstE,itf_kEpoCE,nea_kEp3,src_koNkE,sro_koNkE,sc1_tiEstE,sc2_tEstE,sc3_tEstE,sc4_tEstE,ca1_kEp,ca2_kEp,ca3_kEp,ca4_kEp,ca5_kEp,ca6_kEp,spa_kobe8E,ast_tiestE,por_kabesa,glg_kEbe8E,pr1_tEsto,pr2_tetE,fro_Cief,fra_tEt,pcd_tiEt,win_tiEs
qbb_EwdirE,lat_EwdirE,ruq_ut,ruo_Evzi,rup_Evdu,ron_EEwzi,dlm_sentEr,fur_sinti,ll1_Ewdi,ll2_sentir,ro1_udir,ro2_udir,ro3_sEntEkr,ro4_dudir,pm1_sENte,pm2_sENte,pm3_sENte,pm4_seNte,pm5_seNti,lm1_sinti,lm2_senti,eg1_sinti,eg2_sintir,eg3_siNtir,eg4_sEinter,li1_seNti,li2_seNti,li3_seNti,ve1_seNtir,ve2_seNtir,ve3_seNtir,ito_udire,ita_sentire,itg_sentire,itf_sinti,nea_s3nti,src_intendere,sro_intEndi,sc1_siEntiri,sc2_sEntiri,sc3_sEntiri,sc4_sEntiri,ca1_s3nti,ca2_senti,ca3_s3nti,ca4_sentir,ca5_sentir,ca6_sentir,spa_oir,ast_sentir,por_owvir,glg_owbir,pr1_entEndre,pr2_Ewire,fro_oir,fra_otodr,pcd_EtEd,win_Ett
qbb_kor,lat_kor,ruq_burik,ruo_iirimE,rup_inim3,ron_inim3,dlm_kwor,fur_kur,ll1_kwer,ll2_ker,ro1_kor,ro2_kor,ro3_kor,ro4_kowr,pm1_kEr,pm2_kEr,pm3_kEr,pm4_kEr,pm5_kEr,lm1_kEr,lm2_kEr,eg1_kor,eg2_kor,eg3_kor,eg4_kor,li1_kE,li2_kE,li3_kE,ve1_kwor,ve2_kor,ve3_kor,ito_kwore,ita_kwore,itg_kore,itf_kore,nea_kor3,src_koro,sro_koru,sc1_kwori,sc2_kori,sc3_kori,sc4_kori,ca1_kor,ca2_kor,ca3_ko,ca4_kor,ca5_kor,ca6_kor,spa_korE8on,ast_korE8oN,por_kurasa,glg_korE8oN,pr1_kor,pr2_kE,fro_kwEr,fra_kEr,pcd_CEr,win_kEr
qbb_kornu,lat_kornu,ruq_korn,ruo_korn,rup_kornu,ron_korn,dlm_kwErN,fur_kwEr,ll1_korn,ll2_korn,ro1_korn3,ro2_korn3,ro3_korn3,ro4_korn3,pm1_korn,pm2_korn,pm3_korn,pm4_korn,pm5_kornu,lm1_kEren,lm2_kornu,eg1_korEn,eg2_korEn,eg3_koren,eg4_koren,li1_kornu,li2_kornu,li3_kornu,ve1_korno,ve2_korno,ve3_korno,ito_korno,ita_korno,itg_korno,itf_kornu,nea_korn3,src_koru,sro_koru,sc1_kwornu,sc2_konu,sc3_kornu,sc4_kwornu,ca1_bEN3,ca2_bENE,ca3_bEN3,ca4_bENE,ca5_bENE,ca6_bENE,spa_kwerno,ast_kwerno,por_kornu,glg_korno,pr1_bEno,pr2_kErnE,fro_kor,fra_korn,pcd_korn,win_kwan
qbb_EgoEgo,lat_Ego,ruq_io,ruo_io,rup_io,ron_iew,dlm_iu,fur_io,ll1_ie,ll2_Ze,ro1_iEw,ro2_iew,ro3_i3,ro4_Ew,pm1_mi,pm2_mi,pm3_mi,pm4_mi,pm5_mi,lm1_me,lm2_mi,eg1_me,eg2_mi,eg3_mE,eg4_me,li1_mi,li2_mi,li3_mi,ve1_mi,ve2_mi,ve3_mi,ito_io,ita_io,itg_io,itf_io,nea_ii3,src_deo,sro_dEw,sc1_io,sc2_io,sc3_iu,sc4_iu,ca1_Zo,ca2_io,ca3_Zo,ca4_io,ca5_io,ca6_io,spa_zo,ast_io,por_ew,glg_Ew,pr1_iew,pr2_dE,fro_Z3,fra_Z3,pcd_eZ,win_Zi
qbb_okidErE,lat_okidErE,ruq_nek,ruo_uCide,rup_vEt3m,ron_EuCide,dlm_drEmwor,fur_kopE,ll1_mETE,ll2_mETEr,ro1_m3TEr,ro2_m3TEr,ro3_m3TEr,ro4_k3pEr,pm1_mEse,pm2_mEse,pm3_mEse,pm4_mEsE,pm5_mEsE,lm1_kEpE,lm2_mETE,eg1_Ekupe,eg2_mETEr,eg3_mEsEr,eg4_mEsEr,li1_EmEsE,li2_mEsE,li3_mETE,ve1_kopEr,ve2_kopEr,ve3_kopEr,ito_EnCidere,ita_uCidere,itg_EmETEre,itf_mETE,nea_ECir3r3,src_bokire,sro_boCiri,sc1_EmETEri,sc2_EmETEri,sc3_EmETEri,sc4_EmETEri,ca1_m3tE,ca2_mEtE,ca3_m3tE,ca4_mEtEr,ca5_mEtEr,ca6_mEtEr,spa_mEtEr,ast_mEtEr,por_matEr,glg_mEtEr,pr1_tiE,pr2_twE,fro_oTir3,fra_tje,pcd_tje,win_tuwe
qbb_gEnu,lat_gEnu,ruq_zinukLu,ruo_ZeruNkLu,rup_ZinukLu,ron_ZenuNk,dlm_ZinwEk,fur_Zenoli,ll1_Z3nodl,ll2_Z3neie,ro1_Z3nuL,ro2_Z3nuL,ro3_Z3nuL,ro4_ZnwoL,pm1_Zinui,pm2_Zinui,pm3_Zinui,pm4_Zinui,pm5_znEC,lm1_zEnEC,lm2_ZinEC,eg1_ZnoC,eg2_ZnoC,eg3_znoC,eg4_ZnoC,li1_zenuZu,li2_ZenuZu,li3_ZenuZu,ve1_zenoCo,ve2_denoCo,ve3_denoCo,ito_Zinokio,ita_Zinokio,itg_Zinokio,itf_Zinokiu,nea_d3nuki3,src_benukru,sro_Zenuxu,sc1_rinwokiu,sc2_Zinokiu,sc3_Zinokiu,sc4_rinwoCu,ca1_Z3noL,ca2_ZinoL,ca3_Zunoi,ca4_ZinoL,ca5_CinoL,ca6_CenoL,spa_ro8iLE,ast_rodieLE,por_ZuaLu,glg_SeonLo,pr1_Zeinui,pr2_8EnE,fro_Z3noL,fra_Z3nu,pcd_eZnu,win_Zino
qbb_skirE,lat_skirE,ruq_Stiw,ruo_Sti,rup_Stiw,ron_ESti,dlm_sEpEr,fur_sEve,ll1_sEv3i,ll2_sEer,ro1_s3vEir,ro2_s3ver,ro3_s3vEkr,ro4_s3vEir,pm1_sEvEi,pm2_sEvEi,pm3_sEvEi,pm4_sEvei,pm5_sEvei,lm1_sEi,lm2_sEvE,eg1_sEve,eg2_sEEr,eg3_sEver,eg4_sEvEir,li1_sEvei,li2_sEve,li3_sEvEi,ve1_sEver,ve2_sEer,ve3_sEver,ito_sEpere,ita_sEpere,itg_sEpere,itf_sEpe,nea_sEpE,src_iskire,sro_Siri,sc1_sEpirisEpiri,sc2_sEpiri,sc3_sEpiri,sc4_sEpiri,ca1_sEbE,ca2_sEbe,ca3_sEbr3,ca4_sEber,ca5_sEber,ca6_sEber,spa_sEber,ast_sEber,por_saber,glg_sEber,pr1_sEwpre,pr2_sEvEi,fro_sEvoir,fra_sEvwEr,pcd_sEvwer,win_sEwE
qbb_foliu,lat_foliu,ruq_frunz3,ruo_foLe,rup_frinZ3,ron_frunz3,dlm_fwELE,fur_fwee,ll1_pleCE,ll2_foE,ro1_feL,ro2_feL,ro3_fiL,ro4_fEL3,pm1_fEiE,pm2_fEiE,pm3_fEiE,pm4_fEiE,pm5_foiE,lm1_foiE,lm2_fEiE,eg1_foiE,eg2_foiE,eg3_foiE,eg4_foiE,li1_fEZE,li2_fEZE,li3_fEiE,ve1_foiE,ve2_foiE,ve3_foiE,ito_foLE,ita_foLE,itg_foLE,itf_foiE,nea_foL3,src_foZE,sro_folE,sc1_fwodE,sc2_fodE,sc3_fodE,sc4_fodE,ca1_fuL3,ca2_fuLE,ca3_fu3,ca4_fuLE,ca5_fuLE,ca6_fuLE,spa_oxE,ast_fweiE,por_foLa,glg_foLE,pr1_fjEio,pr2_foLe,fro_fwEL3,fra_fEi,pcd_fEl,win_fui
qbb_iEkerE,lat_iEkerE,ruq_zEk,ruo_zECo,rup_ZEku,ron_EstEkulkEt,dlm_NaN,fur_iesidistirEt,ll1_StEpundu,ll2_eserbutEZu,ro1_Z3ZEir,ro2_Zer,ro3_StErtEr3,ro4_Z3ZEir,pm1_stekuZE,pm2_stekuZE,pm3_stekuZE,pm4_stEkuZE,pm5_stEkwEtEvesikwEtE,lm1_bEtEsso,lm2_bitEsZu,eg1_NaN,eg2_kuCErs,eg3_zEkEr,eg4_ZEkEr,li1_sdrEiEse,li2_eseEkwegow,li3_ruversese,ve1_stErdestirE,ve2_stErbutEdo,ve3_stErbutEdo,ito_ZECere,ita_EserezdrEiEto,itg_EserezdrEiEto,itf_StEnese,nea_stEkukEt3,src_eserekolkEdu,sro_EbErEikrokEw,sc1_kurkErisi,sc2_kukErisi,sc3_kurkErisi,sc4_Stinirisi,ca1_3stEstirEt,ca2_EstEEstirEt,ca3_ZEwr3,ca4_estErtombEt,ca5_CitErse,ca6_estErCitEt,spa_estErtumbE8o,ast_estErtumbEo,por_iStErdaitE8u,glg_deitErse,pr1_NaN,pr2_NaN,fro_Zezir,fra_EtrkuSe,pcd_EtkuCe,win_EskuCe
qbb_iEkur,lat_iokur,ruq_drop,ruo_fikoT,rup_SikEtu,ron_fikEt,dlm_figwot,fur_fiEt,ll1_fuiEfoSk,ll2_fiEneigEr,ro1_Nirom,ro2_dir,ro3_nirom,ro4_N3rom,pm1_fidik,pm2_fidik,pm3_fidik,pm4_fedik,pm5_fidik,lm1_fidek,lm2_fidEk,eg1_fegEt,eg2_fEgEt,eg3_fedeg,eg4_fedeg,li1_figEtu,li2_fegEtu,li3_fegEtu,ve1_figE,ve2_fEgEto,ve3_fegEto,ito_fegEto,ita_fegEto,itg_fegEto,itf_fekEtu,nea_fExEt3fexEt3,src_fikEdu,sro_figEw,sc1_fikEtu,sc2_fikEtu,sc3_fikEtu,sc4_fikitu,ca1_feZ3,ca2_feZe,ca3_feZ3,ca4_feZe,ca5_feCe,ca6_feCe,spa_ixE8o,ast_fegEdo,por_fixa8u,glg_fixE8o,pr1_feZe,pr2_fE8o,fro_foi3,fra_fwE,pcd_fwE,win_fwE
qbb_loNgus,lat_loNgus,ruq_lunk,ruo_luNg,rup_lungu,ron_luNg,dlm_luNg,fur_luNk,ll1_loNk,ll2_loNk,ro1_luN,ro2_liuN,ro3_luN,ro4_luN,pm1_luNg,pm2_luNg,pm3_luNg,pm4_luNg,pm5_loN,lm1_loNk,lm2_loNk,eg1_loNg,eg2_luNg,eg3_luNg,eg4_loNg,li1_luNgu,li2_luNgu,li3_luNgu,ve1_eoNgo,ve2_loNk,ve3_loNk,ito_luNgo,ita_luNgo,itg_luNgo,itf_loNgu,nea_lwoNg3,src_loNgu,sro_loNgu,sc1_lwoNgu,sc2_loNgu,sc3_loNgu,sc4_lwoNku,ca1_LErk,ca2_LErk,ca3_LErk,ca4_LErk,ca5_LErk,ca6_LErk,spa_lErgo,ast_LErgo,por_kempri8u,glg_loNgo,pr1_loNk,pr2_lo,fro_leNk,fra_l,pcd_lo,win_l
qbb_pedis,lat_pedis,ruq_pidukLu,ruo_pedukLu,rup_pidukLu,ron_p3duke,dlm_pedoklo,fur_pedoli,ll1_podl,ll2_poie,ro1_pluL,ro2_pluL,ro3_pluL,ro4_plwoL,pm1_pui,pm2_pui,pm3_pui,pm4_pui,pm5_piEC,lm1_piEC,lm2_piEC,eg1_bdoC,eg2_vdoC,eg3_pioC,eg4_pioC,li1_pigEZu,li2_pigEZu,li3_piEZu,ve1_peoCo,ve2_pedoCo,ve3_pedoCo,ito_pidokio,ita_pidokio,itg_pidokio,itf_pi8okiu,nea_p3ruki3,src_preuku,sro_prioxu,sc1_pirwokiu,sc2_pirokiu,sc3_pirokiu,sc4_pruCu,ca1_poL,ca2_poL,ca3_poi,ca4_poL,ca5_poL,ca6_poL,spa_pioxo,ast_pioio,por_pioLu,glg_pioLo,pr1_pezu,pr2_pii,fro_peoL3,fra_pu,pcd_pu,win_pE
qbb_wir,lat_vir,ruq_b3rbEt,ruo_muSki,rup_b3rbEtu,ron_b3rbEt,dlm_om,fur_om,ll1_3l,ll2_om,ro1_um,ro2_um,ro3_om,ro4_om,pm1_om,pm2_om,pm3_om,pm4_om,pm5_omEN,lm1_Em,lm2_om,eg1_om,eg2_omEn,eg3_om,eg4_om,li1_omu,li2_omu,li3_omu,ve1_omo,ve2_om,ve3_om,ito_womo,ita_womo,itg_omo,itf_ome,nea_om3,src_omine,sro_omini,sc1_mESkulu,sc2_mEskulu,sc3_omu,sc4_wominu,ca1_om3,ca2_ome,ca3_omu,ca4_ome,ca5_ome,ca6_ome,spa_ombre,ast_ome,por_omai,glg_ome,pr1_ome,pr2_omo,fro_em3,fra_om,pcd_om,win_om
qbb_multus,lat_multus,ruq_mult,ruo_CudE,rup_multu,ron_mult,dlm_mwElt,fur_tEnt,ll1_trwep,ll2_trop,ro1_bler,ro2_biE,ro3_bler,ro4_bler,pm1_tENt,pm2_3NmiC,pm3_tENti,pm4_tENt,pm5_ENmiC,lm1_tEnCe,lm2_tEnti,eg1_unmownt,eg2_pErEC,eg3_tEnt,eg4_tEnt,li1_muZu,li2_iNmuZu,li3_dibEli,ve1_tENti,ve2_tENti,ve3_tENti,ito_molto,ita_molto,itg_tEnto,itf_tEntu,nea_EsEi3,src_medEs,sro_me8E,sc1_EsEi,sc2_EsEi,sc3_EsEi,sc4_EsEi,ca1_mol,ca2_mol,ca3_molt,ca4_molt,ca5_molt,ca6_molt,spa_muCo,ast_munCo,por_muitu,glg_moito,pr1_forso,pr2_biE,fro_meint,fra_boku,pcd_gromE,win_brEm
qbb_kEro,lat_kEro,ruq_kErni,ruo_korne,rup_kErne,ron_kErne,dlm_kworno,fur_tEr,ll1_S3rn,ll2_SErn,ro1_SErn,ro2_kErn,ro3_tErn,ro4_SErn,pm1_kErn,pm2_kErn,pm3_kErn,pm4_kErN,pm5_kErne,lm1_kErne,lm2_kErnE,eg1_kernE,eg2_kErEn,eg3_kErnE,eg4_kErnE,li1_kErne,li2_kErne,li3_kErne,ve1_kErne,ve2_kErne,ve3_kErne,ito_kErne,ita_kErne,itg_kErne,itf_CiCE,nea_kErn3,src_peTE,sro_pETE,sc1_kErni,sc2_kEni,sc3_kErni,sc4_kErni,ca1_kErn,ca2_kErn,ca3_kErn,ca4_kErn,ca5_kErn,ca6_kErn,spa_kErne,ast_kErne,por_kErn3,glg_kErne,pr1_viEnde,pr2_viEdE,fro_CEr,fra_viod,pcd_vion,win_Cor
qbb_lunE,lat_lunE,ruq_lun3,ruo_lurE,rup_lun3,ron_lun3,dlm_loinE,fur_lune,ll1_lunE,ll2_lunE,ro1_Lin3,ro2_Lin3,ro3_LiN3,ro4_Lin3,pm1_liNE,pm2_liNE,pm3_liNE,pm4_liNE,pm5_liNE,lm1_linE,lm2_linE,eg1_lownE,eg2_lunE,eg3_lunE,eg4_lunE,li1_liNE,li2_liNE,li3_liNE,ve1_lunE,ve2_lunE,ve3_lunE,ito_lunE,ita_lunE,itg_lunE,itf_lunE,nea_lun3,src_lunE,sro_lunE,sc1_lunE,sc2_lunE,sc3_lunE,sc4_lunE,ca1_Lun3,ca2_LunE,ca3_Lun3,ca4_LunE,ca5_LunE,ca6_LunE,spa_lunE,ast_LunE,por_lua,glg_luE,pr1_lino,pr2_lnE,fro_lin3,fra_lin,pcd_lEn,win_lin
qbb_mons,lat_mons,ruq_munti,ruo_kodru,rup_munte,ron_munte,dlm_mwEnt,fur_mont,ll1_kr3p,ll2_krepE,ro1_muntoN3,ro2_kwolm,ro3_muntoN3,ro4_muntoN3,pm1_muNtENE,pm2_muNt,pm3_muNtENE,pm4_muNtENE,pm5_muNtENE,lm1_montENE,lm2_muntENE,eg1_mownt,eg2_muntENE,eg3_muntENE,eg4_muntENE,li1_muntENE,li2_briku,li3_briku,ve1_moNtENE,ve2_moNtENE,ve3_moNtENE,ito_monte,ita_montENE,itg_montENE,itf_monte,nea_muntEN3,src_monte,sro_monti,sc1_muntENE,sc2_munti,sc3_muntENE,sc4_muntENE,ca1_muntEN3,ca2_muntENEmontENE,ca3_muntEN3,ca4_muntENE,ca5_muntENE,ca6_muntENE,spa_montENE,ast_montENE,por_mentaNa,glg_montENE,pr1_muntENo,pr2_motENe,fro_menteiN3,fra_mtEN,pcd_motEN,win_mtEN
qbb_os,lat_os,ruq_rost,ruo_gurE,rup_gur3,ron_gur3,dlm_bwEk,fur_bote,ll1_boCE,ll2_boCE,ro1_buk3,ro2_buk3,ro3_buk3,ro4_bok3,pm1_bukE,pm2_bukE,pm3_bukE,pm4_bukE,pm5_bukE,lm1_bokE,lm2_bukE,eg1_bokE,eg2_bokE,eg3_bokE,eg4_bokE,li1_bukE,li2_bukE,li3_bukE,ve1_bokE,ve2_bokE,ve3_bokE,ito_bokE,ita_bokE,itg_bokE,itf_vokE,nea_vok3,src_vukE,sro_bukE,sc1_vukE,sc2_bukE,sc3_vukE,sc4_vukE,ca1_bok3,ca2_bokE,ca3_bok3,ca4_bokE,ca5_bokE,ca6_bokE,spa_bokE,ast_bokE,por_boka,glg_bokE,pr1_buko,pr2_grwE,fro_boC3,fra_buS,pcd_buk,win_buC
qbb_nomEn,lat_nomEn,ruq_numi,ruo_lume,rup_num3,ron_nume,dlm_nEwN,fur_noN,ll1_inwem,ll2_inom,ro1_num,ro2_num,ro3_nom,ro4_nom,pm1_nom,pm2_nom,pm3_nom,pm4_nom,pm5_nom,lm1_nom,lm2_nom,eg1_nom,eg2_nom,eg3_nom,eg4_nom,li1_nume,li2_nume,li3_nume,ve1_nome,ve2_nome,ve3_nome,ito_nome,ita_nome,itg_nome,itf_nome,nea_nom3,src_lumene,sro_nomini,sc1_nwomu,sc2_numi,sc3_nomu,sc4_nomi,ca1_nom,ca2_nom,ca3_nom,ca4_nom,ca5_nom,ca6_nom,spa_nombre,ast_nome,por_nom3,glg_nome,pr1_num,pr2_no,fro_nem,fra_n,pcd_no,win_n
qbb_kolu,lat_kolu,ruq_guS3,ruo_CerbiCe,rup_guSe,ron_git,dlm_kwEl,fur_kwEl,ll1_kol,ll2_kol,ro1_kulieT,ro2_kulieT,ro3_kulieT,ro4_kulET,pm1_kol,pm2_kol,pm3_kol,pm4_kol,pm5_kol,lm1_kol,lm2_kol,eg1_kol,eg2_kol,eg3_kol,eg4_kol,li1_kolu,li2_kElu,li3_kolu,ve1_koeo,ve2_kol,ve3_kol,ito_kolo,ita_kolo,itg_kolo,itf_kolu,nea_kwol3,src_kodu,sro_Tuxu,sc1_kwodu,sc2_kodu,sc3_kodu,sc4_kwodu,ca1_koL,ca2_koL,ca3_koi,ca4_koL,ca5_koL,ca6_koL,spa_kweLo,ast_peskwe8o,por_p3Skosu,glg_pesko8o,pr1_kow,pr2_ku,fro_kol,fra_ku,pcd_ko,win_ke
qbb_nowus,lat_novus,ruq_now,ruo_nov,rup_now,ron_now,dlm_nuf,fur_Nuf,ll1_nwef,ll2_nef,ro1_nof,ro2_nEif,ro3_nof,ro4_nowf,pm1_nEv,pm2_nEv,pm3_nEw,pm4_nEv,pm5_nEf,lm1_nEf,lm2_nEf,eg1_nov,eg2_nov,eg3_nov,eg4_nov,li1_nEvu,li2_nEvu,li3_nEvu,ve1_novo,ve2_now,ve3_novo,ito_nwovo,ita_nwovo,itg_novo,itf_nou,nea_nwov3,src_novu,sro_now,sc1_nwovu,sc2_novu,sc3_novu,sc4_novu,ca1_now,ca2_now,ca3_now,ca4_now,ca5_now,ca6_now,spa_nwebo,ast_nweu,por_novu,glg_nobo,pr1_nuvEw,pr2_nove,fro_novel,fra_nuvo,pcd_nuviE,win_nove
qbb_noks,lat_noks,ruq_noEpti,ruo_nopte,rup_noEpte,ron_noEpte,dlm_nwEt,fur_Not,ll1_nwet,ll2_net,ro1_noS,ro2_noS,ro3_not,ro4_not,pm1_nEit,pm2_nEit,pm3_nEit,pm4_nEit,pm5_nEC,lm1_nEC,lm2_noC,eg1_notE,eg2_not,eg3_not,eg4_not,li1_nEte,li2_nEte,li3_nECe,ve1_note,ve2_not,ve3_not,ito_note,ita_note,itg_note,itf_note,nea_not3,src_note,sro_noti,sc1_nwoti,sc2_nuti,sc3_noti,sc4_noti,ca1_nit,ca2_nit,ca3_nit,ca4_nit,ca5_nit,ca6_nit,spa_noCe,ast_nweCe,por_noit3,glg_noite,pr1_nje,pr2_ne,fro_njit,fra_nji,pcd_nji,win_nit
qbb_nEsu,lat_nEsus,ruq_nEs,ruo_nos,rup_nEre,ron_nEs,dlm_nwos,fur_nEs,ll1_nEs,ll2_nEs,ro1_nEs,ro2_nEs,ro3_nEs,ro4_nEs,pm1_nEs,pm2_nEs,pm3_nEz,pm4_nEs,pm5_nEs,lm1_nEs,lm2_nEs,eg1_nez,eg2_nEs,eg3_nEz,eg4_nEs,li1_nEzu,li2_nEzu,li3_nEzu,ve1_nEzo,ve2_nEs,ve3_nEs,ito_nEso,ita_nEso,itg_nEso,itf_nEsu,nea_nEs3,src_nEsu,sro_nEzu,sc1_nEsu,sc2_nEskE,sc3_nEsu,sc4_nEsu,ca1_nEs,ca2_nEs,ca3_nEs,ca4_nEs,ca5_nEs,ca6_nEs,spa_nEri8,ast_nEri8,por_nariS,glg_nEri8,pr1_nEs,pr2_nE,fro_nes,fra_ne,pcd_nEz,win_ne
qbb_non,lat_non,ruq_nu,ruo_nu,rup_nu,ron_nu,dlm_noN,fur_no,ll1_neniE,ll2_no,ro1_beS,ro2_buk,ro3_bet,ro4_nu,pm1_nEN,pm2_nEN,pm3_nEN,pm4_nEN,pm5_neN,lm1_miE,lm2_miNE,eg1_NaN,eg2_brizE,eg3_nomiE,eg4_miE,li1_nu,li2_nu,li3_nE,ve1_no,ve2_no,ve3_no,ito_non,ita_non,itg_un,itf_non,nea_nun,src_non,sro_no,sc1_no,sc2_no,sc3_no,sc4_nun,ca1_no,ca2_no,ca3_no,ca4_no,ca5_no,ca6_no,spa_no,ast_noN,por_na,glg_noN,pr1_nuN,pr2_nepE,fro_n3pEs,fra_n3pE,pcd_npw,win_nin
qbb_unus,lat_unus,ruq_un,ruo_ur,rup_unu,ron_un,dlm_ioiN,fur_uN,ll1_uN,ll2_uN,ro1_en,ro2_in,ro3_en,ro4_in,pm1_iN,pm2_iN,pm3_iN,pm4_iN,pm5_iiN,lm1_i,lm2_viN,eg1_own,eg2_un,eg3_un,eg4_un,li1_iN,li2_uN,li3_iN,ve1_uno,ve2_uN,ve3_uno,ito_uno,ita_uno,itg_uno,itf_unu,nea_un3,src_unu,sro_unu,sc1_unu,sc2_unu,sc3_unu,sc4_unu,ca1_un,ca2_un,ca3_un,ca4_un,ca5_un,ca6_un,spa_un,ast_uN,por_u,glg_uN,pr1_iN,pr2_io,fro_in,fra_E,pcd_E,win_NaN
qbb_homo,lat_omo,ruq_wom,ruo_om,rup_omu,ron_om,dlm_om,fur_om,ll1_womo,ll2_om,ro1_k3rSSEwn,ro2_k3rSSEwn,ro3_k3rStEN,ro4_umEn,pm1_om,pm2_om,pm3_om,pm4_om,pm5_omEN,lm1_Em,lm2_om,eg1_sCan,eg2_stiEn,eg3_om,eg4_om,li1_omu,li2_omu,li3_kristiEN,ve1_omo,ve2_om,ve3_om,ito_womo,ita_womo,itg_omo,itf_omu,nea_kr3stiEn3,src_omine,sro_omini,sc1_kriStiEnu,sc2_kristiEnu,sc3_kristiEnu,sc4_kriStiEnu,ca1_om3,ca2_ome,ca3_omu,ca4_ome,ca5_ome,ca6_ome,spa_ombre,ast_ome,por_omai,glg_ome,pr1_ome,pr2_omo,fro_em3,fra_om,pcd_om,win_Z
qbb_pluwiE,lat_pluviE,ruq_ploEi3,ruo_ploie,rup_ploEie,ron_ploEie,dlm_plovEiE,fur_ploie,ll1_plweiE,ll2_pieviE,ro1_pliEvZ3,ro2_pliEvZ3,ro3_pliEvZ3,ro4_plEvZ3,pm1_piEvE,pm2_piEvE,pm3_piEvE,pm4_piEvE,pm5_piovE,lm1_EkwE,lm2_EkwE,eg1_piuvE,eg2_piovE,eg3_piovE,eg4_EkvE,li1_puiE,li2_EgwE,li3_EgwE,ve1_piovE,ve2_piovE,ve3_piovE,ito_pioZE,ita_pioZE,itg_pioZE,itf_piodE,nea_kioZ3,src_progidE,sro_EbE,sc1_EkwE,sc2_kiuvutE,sc3_kiuvutE,sc4_EkwE,ca1_pluZ3,ca2_pluZE,ca3_pluZ3,ca4_pluZE,ca5_pluCE,ca6_pluCE,spa_LubiE,ast_LubiE,por_Suva,glg_CoibE,pr1_pljEio,pr2_pLo8e,fro_plji3,fra_plji,pcd_plEv,win_plif
qbb_rubEr,lat_NaN,ruq_roS,ruo_roisu,rup_EroSu,ron_roSu,dlm_rEws,fur_ros,ll1_kweCuN,ll2_keCeN,ro1_koC3n,ro2_SieC3n,ro3_koC3n,ro4_koC3n,pm1_rus,pm2_rus,pm3_rus,pm4_rus,pm5_rus,lm1_ros,lm2_rus,eg1_roz,eg2_ros,eg3_ros,eg4_ros,li1_ruZu,li2_rusu,li3_rusu,ve1_roso,ve2_ros,ve3_ros,ito_roso,ita_roso,itg_roso,itf_ruSu,nea_rus3,src_ruviu,sro_Erubiu,sc1_zusu,sc2_rusu,sc3_rusu,sc4_zusu,ca1_b3rmEL,ca2_roC,ca3_v3rmEi,ca4_roC,ca5_roC,ca6_roC,spa_roxo,ast_koLorEo,por_v3rmaLu,glg_bermeLo,pr1_ruZe,pr2_ro8o,fro_roZ3,fra_ruZ,pcd_ruS,win_ruC
qbb_wiE,lat_viE,ruq_drum,ruo_kole,rup_kEle,ron_drum,dlm_kEl,fur_strEde,ll1_StrEdE,ll2_StrEdE,ro1_vi3,ro2_vi3,ro3_vei3,ro4_vi3,pm1_strE,pm2_strE,pm3_strE,pm4_strE,pm5_strE,lm1_strEdE,lm2_StrEdE,eg1_stre,eg2_strEdE,eg3_strEdE,eg4_strEdE,li1_strEdE,li2_strEdE,li3_Stro,ve1_strEdE,ve2_strE8E,ve3_strE8E,ito_strEdE,ita_strEdE,itg_strEdE,itf_StrEdE,nea_strEt3,src_istrEdE,sro_EruxE,sc1_SrEtE,sc2_SrEtE,sc3_SrEtE,sc4_SrEtE,ca1_k3mi,ca2_kEmi,ca3_k3mi,ca4_kEmi,ca5_kEmi,ca6_kEmi,spa_kEmino,ast_kEmiN,por_iStrE8a,glg_kEmiNo,pr1_kEmiN,pr2_rotE,fro_voi3,fra_rut,pcd_rut,win_vei
qbb_rEdiks,lat_rEdiks,ruq_korin,ruo_koren,rup_Er3d3Tin3,ron_r3d3Cin3,dlm_rEdEikE,fur_lidris,ll1_rEvizE,ll2_reiS,ro1_r3ZiS,ro2_r3ZiS,ro3_rEiS,ro4_r3ZiS,pm1_rEis,pm2_rEis,pm3_rEiz,pm4_rEdis,pm5_rEdis,lm1_rEis,lm2_rEdis,eg1_rEdizE,eg2_rEdis,eg3_rEiz,eg4_iErisE,li1_rEdiCi,li2_reiZE,li3_rEiZe,ve1_rEizE,ve2_rE8is,ve3_rE8izE,ito_rEdiCe,ita_rEdiCe,itg_bErbE,itf_rEdikE,nea_rEr3k3,src_rEiginE,sro_EreZini,sc1_zErikE,sc2_rEdikE,sc3_rEdikE,sc4_zErikE,ca1_3rel,ca2_Erel,ca3_rEl,ca4_ErEl,ca5_rEil,ca6_rEil,spa_rEi8,ast_rEi8,por_raiS,glg_rEi8,pr1_rEsino,pr2_rEsinE,fro_rETin3,fra_rEsin,pcd_rESEn,win_risinei
qbb_rutundus,lat_rutundus,ruq_gurguLEt,ruo_tond,rup_gurguLeEtu,ron_rotund,dlm_NaN,fur_tEront,ll1_turont,ll2_toron,ro1_r3dunt,ro2_r3dunt,ro3_r3dont,ro4_r3dwont,pm1_rutuNd,pm2_rutuNd,pm3_rutuNd,pm4_rutuNd,pm5_rutoNt,lm1_rotont,lm2_redunt,eg1_tond,eg2_tond,eg3_rotond,eg4_Erdond,li1_riuNdu,li2_riuNdu,li3_riuNdu,ve1_toNdo,ve2_toNdo,ve3_toNdo,ito_tondo,ita_rotondo,itg_tondo,itf_tonu,nea_tun3,src_tundu,sro_tundu,sc1_tunu,sc2_tunu,sc3_tunu,sc4_tunu,ca1_ru8o,ca2_ro8ore8o,ca3_r38o,ca4_re8o,ca5_re8o,ca6_re8o,spa_re8on8o,ast_redondo,por_r38endu,glg_re8ondo,pr1_reduN,pr2_rio,fro_reent,fra_r,pcd_ro,win_r
qbb_hErenE,lat_ErenE,ruq_pisok,ruo_sElbun,rup_Erin3,ron_nisip,dlm_sElbwoN,fur_sEvEloN,ll1_sEbloN,ll2_sEoloN,ro1_s3blun,ro2_s3blun,ro3_s3vluN,ro4_s3blun,pm1_sEbiE,pm2_sEbiE,pm3_sEbiE,pm4_sEbiE,pm5_sEbiE,lm1_sEbiE,lm2_sEbiE,eg1_sEbiown,eg2_sEbiE,eg3_sEbiE,eg4_sEbiE,li1_sEbiE,li2_ENE,li3_sEbiE,ve1_sEbiE,ve2_sEbiE,ve3_sEbiE,ito_renE,ita_sEbiE,itg_renE,itf_sEbiE,nea_renE,src_renE,sro_ErEnE,sc1_zinE,sc2_rinE,sc3_rinE,sc4_zinE,ca1_sor3,ca2_ErenE,ca3_3rEn3,ca4_ErenE,ca5_ErenE,ca6_ErenE,spa_ErenE,ast_ErenE,por_araia,glg_EreE,pr1_sEblo,pr2_sEbLE,fro_Erein3,fra_sobl,pcd_sEb,win_sEp
qbb_dekErE,lat_dikErE,ruq_zik,ruo_ziCe,rup_Ziku,ron_EziCe,dlm_dekro,fur_di,ll1_di,ll2_dir,ro1_dir,ro2_dir,ro3_dEkr,ro4_dir,pm1_di,pm2_di,pm3_di,pm4_di,pm5_di,lm1_di,lm2_di,eg1_di,eg2_dir,eg3_dir,eg4_dir,li1_di,li2_di,li3_di,ve1_dir,ve2_dir,ve3_dir,ito_diCere,ita_dire,itg_di,itf_di,nea_diS3r3,src_nErere,sro_nEi,sc1_riri,sc2_diri,sc3_diri,sc4_riri,ca1_di,ca2_di,ca3_di,ca4_dir,ca5_dir,ca6_dir,spa_de8ir,ast_di8ir,por_dizer,glg_di8ir,pr1_dire,pr2_dire,fro_dir3,fra_dir,pcd_dir,win_dir
qbb_widerE,lat_viderE,ruq_vet,ruo_vedE,rup_vedu,ron_EvedeE,dlm_vedEr,fur_viodi,ll1_ud3i,ll2_veder,ro1_v3zEir,ro2_v3zer,ro3_vEkr,ro4_v3Ter,pm1_v3di,pm2_v3de,pm3_v3de,pm4_v3de,pm5_vEgi,lm1_Et,lm2_vedE,eg1_vde,eg2_vEdEr,eg3_vEder,eg4_vEder,li1_vede,li2_vede,li3_viEi,ve1_vEder,ve2_ve8er,ve3_ve8er,ito_vedere,ita_vedere,itg_vedere,itf_vede,nea_v3rE,src_biere,sro_biri,sc1_viriri,sc2_vidiri,sc3_vidiri,sc4_vizi,ca1_bEwr3,ca2_bEwre,ca3_vEwr3,ca4_vEwre,ca5_bore,ca6_bore,spa_ber,ast_ber,por_ver,glg_ber,pr1_vEire,pr2_vi,fro_veoir,fra_vwEr,pcd_vir,win_vEi
qbb_semEn,lat_semEn,ruq_siminT3,ruo_seminTE,rup_siminT3,ron_s3minT3,dlm_semiEnT,fur_semEnCe,ll1_sum3nTE,ll2_s3menTE,ro1_sem,ro2_sem,ro3_sem,ro4_sem,pm1_smEns,pm2_smEns,pm3_smenz,pm4_smEns,pm5_sEmnE,lm1_somesE,lm2_sumenTE,eg1_smentE,eg2_smEnt,eg3_semEinsE,eg4_smEinsE,li1_semi,li2_seme,li3_semENTE,ve1_seme,ve2_sem,ve3_semEN8E,ito_seme,ita_seme,itg_seme,itf_seme,nea_s3mEnt3,src_semene,sro_sEmini,sc1_simiEnTE,sc2_simEnTE,sc3_simEnTE,sc4_simEnTE,ca1_L3bo,ca2_LEboLEo,ca3_L3vo,ca4_LEvor,ca5_LEbor,ca6_LEbor,spa_semiLE,ast_simiente,por_s3ment3,glg_semente,pr1_grEno,pr2_grEnE,fro_semEnT3,fra_grEn,pcd_grEn,win_grn
qbb_sEderE,lat_sEderE,ruq_Sot,ruo_SedE,rup_Sedu,ron_ESedeE,dlm_sedwor,fur_stEsentEt,ll1_veSt3rs3ntE,ll2_esersentE,ro1_ses3r,ro2_ses3r,ro3_C3ntEr,ro4_sET3r,pm1_ste,pm2_stesEtE,pm3_stese,pm4_stEsetE,pm5_sEtEsi,lm1_sentEso,lm2_setEsZu,eg1_zde,eg2_sEntErEs,eg3_seder,eg4_seder,li1_setEse,li2_esesetow,li3_setE,ve1_seNtErse,ve2_seNtErse,ve3_seNtErsedo,ito_sedere,ita_sedere,itg_siEde,itf_sede,nea_stEEs3tEt3,src_sedere,sro_sETi,sc1_EsitErisi,sc2_sitErisi,sc3_EsitErisi,sc4_EsitErisi,ca1_sEwr3,ca2_sEwre,ca3_sEwr3,ca4_sEwre,ca5_sentErse,ca6_estErEsentEt,spa_estErsentE8o,ast_sentEse,por_iStErsentE8u,glg_sentErse,pr1_EstreEsetE,pr2_etreEStE,fro_seoir,fra_EtrEsi,pcd_EtEsi,win_EsEsi
qbb_kutis,lat_kutis,ruq_koEZ3,ruo_koze,rup_teEle,ron_piele,dlm_piEl,fur_piEl,ll1_pel,ll2_pel,ro1_pel,ro2_piEl,ro3_pel,ro4_pel,pm1_pEl,pm2_pEl,pm3_pEl,pm4_pEl,pm5_pEl,lm1_pEl,lm2_pEl,eg1_pElE,eg2_pel,eg3_pElE,eg4_pElE,li1_pele,li2_pele,li3_pEle,ve1_pEe,ve2_pEl,ve3_pEl,ito_pEle,ita_pEle,itg_pEle,itf_pEle,nea_pEl3,src_pede,sro_pEdi,sc1_piEdi,sc2_pEdi,sc3_pEdi,sc4_pEdi,ca1_peL,ca2_peL,ca3_pei,ca4_peL,ca5_peL,ca6_peL,spa_piel,ast_piel,por_pEl3,glg_pEl,pr1_pEw,pr2_pe,fro_pEl,fra_po,pcd_pio,win_pe
qbb_dormirE,lat_dormirE,ruq_dorm,ruo_durmi,rup_dormu,ron_Edormi,dlm_dormEr,fur_durmi,ll1_durmi,ll2_dormir,ro1_durmir,ro2_durmir,ro3_durmEkr,ro4_durmir,pm1_dErme,pm2_dErme,pm3_dErme,pm4_dErme,pm5_dormi,lm1_dirmi,lm2_durmi,eg1_durmi,eg2_durmir,eg3_durmir,eg4_durmir,li1_durmi,li2_durmi,li3_durmi,ve1_dormir,ve2_dromir,ve3_dormir,ito_dormire,ita_dormire,itg_dormire,itf_durmi,nea_durmi,src_dromire,sro_dromiri,sc1_rwormiri,sc2_domiri,sc3_dormiri,sc4_rormiri,ca1_durmi,ca2_dormi,ca3_durmi,ca4_dormir,ca5_dormir,ca6_dormir,spa_dormir,ast_durmir,por_durmir,glg_durmir,pr1_durmi,pr2_dromi,fro_dormir,fra_dormir,pcd_dErmir,win_dwErmi
qbb_pErwus,lat_pErvus,ruq_mik,ruo_mik,rup_Niku,ron_mik,dlm_pelo,fur_piCul,ll1_pitl,ll2_pikol,ro1_piC3n,ro2_piN,ro3_piC3n,ro4_piC3n,pm1_Cit,pm2_Cit,pm3_Cit,pm4_Cit,pm5_piCupiCniN,lm1_piCEn,lm2_peniN,eg1_Tnin,eg2_pikul,eg3_Cik,eg4_CEk,li1_piCin,li2_piCin,li3_piCitu,ve1_pikoeo,ve2_pikol,ve3_Cek,ito_piColo,ita_pikolo,itg_piCino,itf_pikulu,nea_piCiril3,src_minuZu,sro_pitiku,sc1_niku,sc2_piCiridu,sc3_niku,sc4_niku,ca1_p3tit,ca2_petit,ca3_p3tit,ca4_menut,ca5_Cikotet,ca6_Cikotet,spa_pekeNo,ast_pekeNo,por_p3kenu,glg_pekeno,pr1_piCot,pr2_ptiu,fro_p3tit,fra_p3ti,pcd_tio,win_piti
qbb_fumus,lat_fumus,ruq_fum,ruo_dim,rup_fumu,ron_fum,dlm_NaN,fur_fum,ll1_fum,ll2_fum,ro1_fim,ro2_fem,ro3_fem,ro4_fim,pm1_fim,pm2_fim,pm3_fim,pm4_fim,pm5_fim,lm1_fEm,lm2_fim,eg1_fom,eg2_fum,eg3_fum,eg4_fom,li1_fimu,li2_fimu,li3_fime,ve1_fumo,ve2_fum,ve3_fuN,ito_fumo,ita_fumo,itg_fumo,itf_fumu,nea_fum3,src_fumu,sro_fumu,sc1_fumu,sc2_fumu,sc3_fumu,sc4_fumu,ca1_fum,ca2_fum,ca3_fum,ca4_fum,ca5_fum,ca6_fum,spa_umo,ast_fumo,por_fumu,glg_fume,pr1_fim,pr2_fmire,fro_fim,fra_fime,pcd_fEmE,win_fimir
qbb_stErE,lat_stErE,ruq_stEw,ruo_sto,rup_Sedumprostu,ron_EstEinpiCoEre,dlm_stworiNpins,fur_stEimpins,ll1_StEmpe,ll2_StErenpe,ro1_StEr,ro2_StEr,ro3_StEr,ro4_StEr,pm1_stedrit,pm2_steEnpe,pm3_stedrit,pm4_stEENpe,pm5_stENpevesiNpe,lm1_stEnpe,lm2_StEinpee,eg1_NaN,eg2_stErinpie,eg3_stErinpe,eg4_stErinpee,li1_stEiNpe,li2_stEiNpe,li3_Steimpe,ve1_stEriNpie,ve2_stEriNpE,ve3_stEriNpie,ito_stEredrito,ita_stEreinpiEdi,itg_stEreinpiEdi,itf_StEritu,nea_stEEliert3,src_istEreEsEriTE,sro_EbErEiibei,sc1_stEriEgritE,sc2_stEriEdritE,sc3_stEriEditE,sc4_stEriEditE,ca1_3stE8rEt,ca2_EstE8rEt,ca3_3stE8rEt,ca4_estErdepEw,ca5_estErdepEw,ca6_estErdret,spa_estErdepie,ast_tErdepie,por_iStEraipE,glg_estErdepE,pr1_Estredre,pr2_etredEpi,fro_esterEnpieT,fra_Etrd3bu,pcd_Etdbu,win_EsdrEse
qbb_stelE,lat_stelE,ruq_stew3,ruo_stE,rup_steEo,ron_steE,dlm_stElE,fur_stEle,ll1_St3ilE,ll2_SteilE,ro1_StEil3,ro2_StEil3,ro3_StEil3,ro4_StEil3,pm1_stEilE,pm2_stEilE,pm3_stEilE,pm4_steilE,pm5_stElE,lm1_stElE,lm2_StElE,eg1_stElE,eg2_stElE,eg3_stElE,eg4_strElE,li1_stelE,li2_stelE,li3_StEiE,ve1_steE,ve2_stelE,ve3_stelE,ito_stelE,ita_stelE,itg_stelE,itf_StelE,nea_stel3,src_istedE,sro_stEdE,sc1_StidE,sc2_stidE,sc3_stidE,sc4_StidE,ca1_3streL3,ca2_estreLEstreLE,ca3_3streL3,ca4_estreLE,ca5_EstrelE,ca6_estrElE,spa_estreLE,ast_estreLE,por_iStrela,glg_estrelE,pr1_estelo,pr2_etEilE,fro_estoil3,fra_etwEl,pcd_etwEl,win_stwEi
qbb_lEpis,lat_lEpis,ruq_rop3,ruo_3rpE,rup_teEtr3,ron_piEtr3,dlm_pitrE,fur_klEp,ll1_sEs,ll2_sEs,ro1_krEp,ro2_krEp,ro3_krEp,ro4_krEp,pm1_pErE,pm2_pErE,pm3_perE,pm4_pErE,pm5_prEiE,lm1_predE,lm2_sEs,eg1_sEs,eg2_prEdE,eg3_ZErown,eg4_predE,li1_priE,li2_priE,li3_prEiE,ve1_piErE,ve2_sEs,ve3_piErE,ito_piEtrE,ita_piEtrE,itg_sEso,itf_sEsu,nea_prEt3,src_perdE,sro_perdE,sc1_piEtrE,sc2_pEtrE,sc3_pEtrE,sc4_pEtrE,ca1_pe8r3,ca2_pe8rE,ca3_pe8r3,ca4_pe8rE,ca5_pe8rE,ca6_pe8rE,spa_pie8rE,ast_piedrE,por_pE8ra,glg_pE8rE,pr1_pEiro,pr2_piEro,fro_pier3,fra_piEr,pcd_piEr,win_pir
qbb_sol,lat_sol,ruq_soEri,ruo_sore,rup_soEre,ron_soEre,dlm_sEwl,fur_sorEli,ll1_sur3dl,ll2_soreie,ro1_suleL,ro2_suleL,ro3_suLeL,ro4_sulEi,pm1_sul,pm2_sul,pm3_sul,pm4_sul,pm5_sul,lm1_sul,lm2_suu,eg1_sowl,eg2_sol,eg3_sol,eg4_sowl,li1_su,li2_su,li3_su,ve1_sol,ve2_sol,ve3_sol,ito_sole,ita_sole,itg_sole,itf_sole,nea_sol3,src_sole,sro_soli,sc1_suli,sc2_suli,sc3_suli,sc4_suli,ca1_sol,ca2_sol,ca3_sol,ca4_sol,ca5_sol,ca6_sol,spa_sol,ast_sol,por_sol,glg_sol,pr1_sulEw,pr2_sElwE,fro_solEL,fra_solEi,pcd_sole,win_solE
qbb_nErE,lat_nEtErE,ruq_pliv3ies,ruo_plivi,rup_Enotu,ron_EinotE,dlm_notwor,fur_nEdE,ll1_nudE,ll2_nodEr,ro1_nudEr,ro2_s3nudEr,ro3_nudEr,ro4_n3dEr,pm1_nue,pm2_nue,pm3_nue,pm4_nue,pm5_nEvE,lm1_nidE,lm2_nudE,eg1_nEvige,eg2_nudEr,eg3_nudEr,eg4_nudEr,li1_NuE,li2_nEE,li3_nEE,ve1_nuEr,ve2_nogEr,ve3_no8Er,ito_nwotEre,ita_nwotEre,itg_notEre,itf_notE,nea_nEtE,src_nEdEre,sro_nEdEi,sc1_nEtEri,sc2_nEtEri,sc3_nEtEri,sc4_nEtEri,ca1_n38E,ca2_nE8E,ca3_n38E,ca4_nE8Er,ca5_nE8Er,ca6_nE8Er,spa_nE8Er,ast_nEdEr,por_na8Er,glg_nE8Er,pr1_nedE,pr2_nE8i,fro_noer,fra_nEZe,pcd_nEZe,win_nEZe
qbb_kEwdE,lat_kEwdE,ruq_koEd3,ruo_kodE,rup_koEd3,ron_koEd3,dlm_kud,fur_kode,ll1_kodE,ll2_kowdE,ro1_ku3,ro2_ku3,ro3_ku3,ro4_ku3,pm1_kuE,pm2_kuE,pm3_kuE,pm4_kuE,pm5_kuE,lm1_kuE,lm2_kuE,eg1_kowdE,eg2_koE,eg3_kovE,eg4_kovE,li1_kuE,li2_kuE,li3_kuE,ve1_koE,ve2_koE,ve3_ko8E,ito_kodE,ita_kodE,itg_kodE,itf_koE,nea_kor3,src_koE,sro_koE,sc1_kurE,sc2_kudE,sc3_kudE,sc4_kurE,ca1_ku3,ca2_kuE,ca3_ko3,ca4_kuE,ca5_kuE,ca6_kuE,spa_kolE,ast_kolE,por_kEw8a,glg_kolE,pr1_ko,pr2_kEvE,fro_ko3,fra_kE,pcd_CE,win_kE
qbb_ilE,lat_ilE,ruq_TelE,ruo_ECelE,rup_ETelu,ron_ECel,dlm_kol,fur_kEl,ll1_k3l,ll2_kel,ro1_Cel,ro2_Cel,ro3_Ewt3r,ro4_kwel,pm1_C3l,pm2_kul,pm3_kul,pm4_kul,pm5_kullE,lm1_kEl,lm2_kwEllE,eg1_kwEl,eg2_kwel,eg3_kwEl,eg4_kol,li1_kwElu,li2_kwEluli,li3_kwElu,ve1_kwEo,ve2_kwel,ve3_kwel,ito_kwelo,ita_kwelo,itg_kwelo,itf_kwilu,nea_kil3,src_kudu,sro_kudu,sc1_kidu,sc2_kidu,sc3_kidu,sc4_kidu,ca1_3kEL,ca2_EkeL,ca3_3kEi,ca4_EkeL,ca5_EkeL,ca6_EkeL,spa_Ekel,ast_Ekel,por_akel3,glg_EkEl,pr1_Ekew,pr2_Sole,fro_Til,fra_s3lE,pcd_Slo,win_silE
qbb_hik,lat_ik,ruq_TistE,ruo_CestE,rup_Eestu,ron_ECest,dlm_kost,fur_kEst,ll1_k3St,ll2_keSt,ro1_kwEl,ro2_kwel,ro3_Sel,ro4_kwist,pm1_kust,pm2_kust,pm3_kust,pm4_kust,pm5_kuski,lm1_kEsto,lm2_kwEstuki,eg1_kwest,eg2_kwest,eg3_kwEst,eg4_kost,li1_kwEstu,li2_stuki,li3_kwEstu,ve1_kwesto,ve2_sto,ve3_kwesto,ito_kwesto,ita_kwesto,itg_kwesto,itf_tistu,nea_kist3,src_kustu,sro_kustu,sc1_kistu,sc2_kistu,sc3_kistu,sc4_kistu,ca1_3kEt3kEst,ca2_Eket,ca3_3kEt,ca4_este,ca5_este,ca6_este,spa_este,ast_esti,por_eSt3,glg_este,pr1_Ekest,pr2_stitiE,fro_Tist,fra_s3si,pcd_SSi,win_sisi
qbb_tu,lat_tu,ruq_tu,ruo_tu,rup_tine,ron_tu,dlm_tu,fur_tu,ll1_tu,ll2_tu,ro1_ti,ro2_ti,ro3_te,ro4_ti,pm1_ti,pm2_ti,pm3_ti,pm4_ti,pm5_ti,lm1_te,lm2_ti,eg1_te,eg2_ti,eg3_tE,eg4_te,li1_ti,li2_ti,li3_ti,ve1_ti,ve2_ti,ve3_ti,ito_tu,ita_tu,itg_te,itf_te,nea_tu,src_tue,sro_tui,sc1_tu,sc2_tu,sc3_tu,sc4_tu,ca1_tu,ca2_tu,ca3_tu,ca4_tu,ca5_tu,ca6_tu,spa_tu,ast_tu,por_tu,glg_ti,pr1_ti,pr2_tE,fro_ti,fra_ti,pcd_ti,win_ti
qbb_liNgwE,lat_liNgwE,ruq_limb3,ruo_limbE,rup_limb3,ron_limb3,dlm_lENgE,fur_lENge,ll1_l3NgE,ll2_leNgE,ro1_liewNg3,ro2_liewNg3,ro3_LENg3,ro4_lew3,pm1_lENgE,pm2_lENgE,pm3_leNgE,pm4_lENgE,pm5_leNgwE,lm1_lENgwE,lm2_leNgwE,eg1_lengvE,eg2_lENgwE,eg3_lENgvE,eg4_lENgwE,li1_liNgwE,li2_liNgwE,li3_lENgwE,ve1_eNgwE,ve2_leNgwE,ve3_leNgwE,ito_liNgwE,ita_liNgwE,itg_liNgwE,itf_leNgwE,nea_leNgw3,src_limbE,sro_limbE,sc1_liNgwE,sc2_liNgwE,sc3_liNgwE,sc4_liNkwE,ca1_LeNgw3,ca2_LeNgwE,ca3_LeNgu,ca4_LeNgwE,ca5_LeNgwE,ca6_LeNgwE,spa_leNgwE,ast_LiNgwE,por_liNgwa,glg_liNgwE,pr1_leNgo,pr2_lEgE,fro_lENg3,fra_log,pcd_log,win_lk
qbb_dens,lat_dens,ruq_dinti,ruo_dinte,rup_dinte,ron_dinte,dlm_diEnt,fur_dint,ll1_d3nt,ll2_dent,ro1_dEnt,ro2_dEnt,ro3_dEint,ro4_dEint,pm1_dENt,pm2_dENt,pm3_dENt,pm4_dENt,pm5_deNC,lm1_det,lm2_denC,eg1_dent,eg2_dent,eg3_dEint,eg4_dEint,li1_dEnte,li2_dente,li3_dENCu,ve1_deNte,ve2_dENt,ve3_dENt,ito_dEnte,ita_dEnte,itg_dEnte,itf_dEnte,nea_dEnt3,src_dente,sro_dEnti,sc1_riEnti,sc2_rEnti,sc3_dEnti,sc4_rEnti,ca1_den,ca2_den,ca3_dent,ca4_dent,ca5_dent,ca6_dent,spa_diente,ast_diente,por_dent3,glg_dente,pr1_dEnt,pr2_dE,fro_dEnt,fra_do,pcd_dE,win_d
qbb_Erbor,lat_Erbor,ruq_Erbur,ruo_lem3n,rup_Erburi,ron_kopEk,dlm_iErbur,fur_Erbul,ll1_l3N,ll2_Elber,ro1_plEnt3,ro2_plont3,ro3_plEnt3,ro4_bESS,pm1_piENtE,pm2_Erbu,pm3_Erbu,pm4_ErbrE,pm5_piENtE,lm1_piEntE,lm2_piEntE,eg1_elbEr,eg2_Erbul,eg3_elber,eg4_Elber,li1_Erbu,li2_erbu,li3_Erbu,ve1_Elbero,ve2_Elber,ve3_Elbero,ito_Elbero,ita_Elbero,itg_piEntE,itf_piEntE,nea_Eb3r3,src_Ervure,sro_mEtE,sc1_Erbulu,sc2_Eburu,sc3_Ervulu,sc4_mECE,ca1_Ebr3,ca2_Ebre,ca3_Ebr3,ca4_Ebre,ca5_Ebre,ca6_Ebre,spa_Erbol,ast_Erbol,por_Ervur3,glg_Erbore,pr1_Ewbre,pr2_Ebro,fro_Erbr3,fra_Erbr,pcd_Eb,win_op
qbb_duo,lat_duo,ruq_doi,ruo_doi,rup_doi,ron_doi,dlm_doi,fur_doi,ll1_doi,ll2_doi,ro1_dus,ro2_dus,ro3_dus,ro4_dwos,pm1_dui,pm2_dui,pm3_dui,pm4_due,pm5_dii,lm1_du,lm2_dii,eg1_do,eg2_du,eg3_du,eg4_dow,li1_dui,li2_dui,li3_dji,ve1_do,ve2_doi,ve3_doi,ito_due,ita_due,itg_due,itf_du,nea_doi3,src_duos,sro_duzu,sc1_rui,sc2_dui,sc3_dui,sc4_ruE,ca1_dos,ca2_dos,ca3_dos,ca4_dos,ca5_dos,ca6_dos,spa_dos,ast_dos,por_doiS,glg_dows,pr1_dus,pr2_du,fro_dews,fra_dE,pcd_dE,win_dE
qbb_erE,lat_irE,ruq_Emnu,ruo_mEre,rup_imnu,ron_EumblE,dlm_vis,fur_vE,ll1_vE,ll2_vE,ro1_vE,ro2_vE,ro3_vE,ro4_vE,pm1_vE,pm2_vE,pm3_vE,pm4_vE,pm5_vE,lm1_vE,lm2_vE,eg1_vE,eg2_vE,eg3_vE,eg4_vE,li1_vE,li2_vE,li3_vE,ve1_vE,ve2_vE,ve3_vE,ito_vE,ita_vE,itg_vE,itf_vE,nea_vE,src_EndEre,sro_EndEi,sc1_vE,sc2_vE,sc3_vE,sc4_vE,ca1_bE,ca2_bE,ca3_bE,ca4_vE,ca5_bE,ca6_bE,spa_bE,ast_bE,por_vEi,glg_bEi,pr1_vEi,pr2_vE,fro_vE,fra_vE,pcd_vo,win_vE
qbb_kElidus,lat_kElidus,ruq_kElt,ruo_kod,rup_kEldu,ron_kEld,dlm_kwolt,fur_tElt,ll1_SEwt,ll2_SEwt,ro1_SEwt,ro2_kEwlt,ro3_tot,ro4_Sot,pm1_t3bi,pm2_t3bi,pm3_kEwd,pm4_kEwd,pm5_kEwt,lm1_kElt,lm2_kolt,eg1_keld,eg2_kEld,eg3_kEldEin,eg4_kEld,li1_kEdu,li2_tiepidu,li3_Cepu,ve1_tiEpido,ve2_kElt,ve3_kElt,ito_kEldo,ita_kEldo,itg_kEldo,itf_kElu,nea_kEb3r3,src_kEZente,sro_kEloru,sc1_kEvuru,sc2_kEudu,sc3_tEpidu,sc4_kEuru,ca1_k3len,ca2_kElen,ca3_k3len,ca4_kElent,ca5_kElent,ca6_kElent,spa_kEliente,ast_kEliente,por_kent3,glg_kEli8o,pr1_kEwt,pr2_8o,fro_CEwt,fra_So,pcd_kE,win_Ce
qbb_EkwE,lat_EkwE,ruq_Epu,ruo_opE,rup_Ep3,ron_Ep3,dlm_iEkwE,fur_Ege,ll1_EgE,ll2_EgE,ro1_Ew3,ro2_Ew3,ro3_Ev3,ro4_Ew3,pm1_evE,pm2_EvE,pm3_evE,pm4_evE,pm5_EkwE,lm1_EkwE,lm2_EkwE,eg1_EkvE,eg2_EkwE,eg3_EkwE,eg4_EkvE,li1_EgwE,li2_egwE,li3_EgwE,ve1_EkwE,ve2_EkwE,ve3_EkwE,ito_EkwE,ita_EkwE,itg_EkwE,itf_EkwE,nea_Ekw3,src_EbE,sro_EbE,sc1_EkwE,sc2_EkwE,sc3_EkwE,sc4_EkwE,ca1_Eixw3,ca2_EixwE,ca3_Eixu,ca4_EixwE,ca5_EiwE,ca6_EiwE,spa_ExwE,ast_EgwE,por_Exwa,glg_EwxE,pr1_Eigo,pr2_egE,fro_eig3,fra_o,pcd_iE,win_ew
qbb_nos,lat_nos,ruq_noi,ruo_noi,rup_noi,ron_noi,dlm_noi,fur_no,ll1_n3ws,ll2_nos,ro1_nus,ro2_nus,ro3_nows,ro4_nus,pm1_nui,pm2_nui,pm3_nui,pm4_nui,pm5_nii,lm1_noter,lm2_niN,eg1_now,eg2_NaN,eg3_nuEter,eg4_nuEter,li1_nui,li2_nuiEtri,li3_njiEtri,ve1_niEltri,ve2_noi,ve3_noi,ito_noi,ita_noi,itg_noi,itf_noe,nea_nui3,src_nois,sro_nozEtruzu,sc1_nuEvutri,sc2_nui,sc3_nui,sc4_niEwtri,ca1_nuzEltr3s,ca2_nozEltres,ca3_noltrus,ca4_mozEtros,ca5_mosEtros,ca6_mosEtros,spa_nosotros,ast_nos,por_noS,glg_nos,pr1_nus,pr2_no,fro_nos,fra_nu,pcd_o,win_Zi
qbb_kwid,lat_kwid,ruq_Te,ruo_Ce,rup_Te,ron_Ce,dlm_kos,fur_Ce,ll1_C3,ll2_kepE,ro1_Se,ro2_Sei,ro3_te,ro4_Se,pm1_kozE,pm2_kozE,pm3_kozE,pm4_kozE,pm5_kwE,lm1_kozE,lm2_kuzE,eg1_ke,eg2_kuzE,eg3_kuzE,eg4_ksE,li1_kose,li2_kose,li3_kose,ve1_kosE,ve2_ke,ve3_ke,ito_ke,ita_ke,itg_ke,itf_ke,nea_k3,src_ite,sro_itE,sc1_ki,sc2_ki,sc3_ki,sc4_ki,ca1_kE,ca2_ke,ca3_kE,ca4_ke,ca5_ke,ca6_ke,spa_ke,ast_ke,por_uk3,glg_ke,pr1_ke,pr2_kEi,fro_k3,fra_k3,pcd_kwe,win_kwEski
qbb_Elbus,lat_Elbus,ruq_Elp,ruo_ob,rup_Elbu,ron_Elb,dlm_iwElb,fur_blENk,ll1_blENk,ll2_biENk,ro1_Elf,ro2_Elf,ro3_Elf,ro4_Elp,pm1_biENk,pm2_biENk,pm3_biENk,pm4_biENk,pm5_biENk,lm1_biENk,lm2_biENk,eg1_biank,eg2_biENk,eg3_biENk,eg4_biENk,li1_ZENku,li2_ZENku,li3_ZENku,ve1_biENko,ve2_biENk,ve3_biENk,ito_biENko,ita_biENko,itg_biENko,itf_viEnku,nea_iENk3,src_biENku,sro_biENku,sc1_biENku,sc2_iENku,sc3_iENku,sc4_brENku,ca1_blEN,ca2_blEN,ca3_blEN,ca4_blENk,ca5_blENk,ca6_blENk,spa_blENko,ast_blENko,por_braNku,glg_brENko,pr1_blENk,pr2_bLE,fro_blENk,fra_blo,pcd_blo,win_bla
qbb_kwis,lat_kwis,ruq_kEri,ruo_Cire,rup_kEre,ron_Cine,dlm_ku,fur_kui,ll1_ki,ll2_kipE,ro1_Si,ro2_Si,ro3_ti,ro4_Si,pm1_ki,pm2_ki,pm3_ki,pm4_ki,pm5_ki,lm1_ki,lm2_ki,eg1_ki,eg2_ki,eg3_ki,eg4_ki,li1_ki,li2_ki,li3_ki,ve1_ki,ve2_ki,ve3_ki,ito_ki,ita_ki,itg_ki,itf_ki,nea_ki,src_kie,sro_kini,sc1_ku,sc2_ku,sc3_kui,sc4_kui,ca1_ki,ca2_ki,ca3_ki,ca4_ki,ca5_ki,ca6_ki,spa_kien,ast_kieN,por_kai,glg_keN,pr1_ku,pr2_kwi,fro_ki,fra_ki,pcd_ki,win_ki
qbb_muliEr,lat_muliEr,ruq_muLEri,ruo_ZenskE,rup_muLeEre,ron_femeie,dlm_muLer,fur_fEmine,ll1_3ilE,ll2_femenE,ro1_fEmn3,ro2_fEmn3,ro3_fEmn3,ro4_dwon3,pm1_fumnE,pm2_fumnE,pm3_fumnE,pm4_donE,pm5_donE,lm1_fEne,lm2_donE,eg1_donE,eg2_donE,eg3_donE,eg4_donE,li1_donE,li2_dEnE,li3_donE,ve1_donE,ve2_femenE,ve3_femenE,ito_feminE,ita_donE,itg_donE,itf_feminE,nea_fEm3n3fem3n3,src_eminE,sro_fEminE,sc1_fiminE,sc2_fiminE,sc3_fiminE,sc4_fiminE,ca1_don3,ca2_donE,ca3_don3,ca4_donE,ca5_donE,ca6_donE,spa_muxer,ast_muier,por_muLEr,glg_muLEr,pr1_femo,pr2_fEnE,fro_fEm3,fra_fEm,pcd_fEm,win_fEm
qbb_NaN,lat_fulvus,ruq_gElbin,ruo_Zut,rup_gElbinu,ron_gElben,dlm_Zwolno,fur_ZEl,ll1_gi3l,ll2_zEl,ro1_mEl3n,ro2_mEl3n,ro3_mEl3n,ro4_gElk,pm1_ZEwN,pm2_ZEwN,pm3_ZEwN,pm4_ZEwN,pm5_ZElt,lm1_zElt,lm2_ZElt,eg1_ZEl,eg2_ZEl,eg3_zEl,eg4_ZEl,li1_ZElu,li2_ZEnu,li3_ZEnu,ve1_zEeo,ve2_ZEl,ve3_ZEl,ito_ZElo,ita_ZElo,itg_ZElo,itf_dElu,nea_ZEl3,src_grogu,sro_groxu,sc1_ZErnu,sc2_ZElu,sc3_ZElu,sc4_dErnu,ca1_grok,ca2_grok,ca3_grok,ca4_grok,ca5_grok,ca6_grok,spa_EmEriLo,ast_EmEriLo,por_amarElu,glg_EmErElo,pr1_ZEwne,pr2_8ono,fro_ZEwn3,fra_Zon,pcd_gon,win_Zon
qbb_loNge,lat_loNge,ruq_dipErti,ruo_lorgo,rup_dipErte,ron_depErte,dlm_lontwoN,fur_lontEN,ll1_lonC,ll2_dElonC,ro1_d3lunS,ro2_lunS,ro3_LunS,ro4_d3lEnC,pm1_lEN,pm2_luNtEN,pm3_luNtEN,pm4_luNtEN,pm5_luNtEN,lm1_luntE,lm2_luntEN,eg1_luntan,eg2_luntEn,eg3_luntEn,eg4_luntEn,li1_luNtEn,li2_luNtEn,li3_luNtEn,ve1_loNtEN,ve2_loNtEN,ve3_loNtEN,ito_lontEno,ita_lontEno,itg_lontEno,itf_lontEnu,nea_luntEn3,src_ElErgu,sro_Etezu,sc1_luntEnu,sc2_luntEnu,sc3_luntEnu,sc4_luntEnu,ca1_LuN,ca2_LuN,ca3_3nfor3,ca4_LuN,ca5_Lunt,ca6_Lunt,spa_lexos,ast_LonSe,por_leZ3,glg_lonSe,pr1_lieweN,pr2_lwE,fro_loiN,fra_lw,pcd_lwE,win_l
qbb_grEwis,lat_grEvis,ruq_grew,ruo_grev,rup_grew,ron_grew,dlm_pezwont,fur_pezEnt,ll1_p3zok,ll2_pezok,ro1_gref,ro2_gref,ro3_gref,ro4_grEif,pm1_grEv,pm2_grEv,pm3_grEv,pm4_grEv,pm5_pizENt,lm1_gref,lm2_pezEnt,eg1_pEzant,eg2_pes,eg3_pez,eg4_pEiz,li1_pezENte,li2_pezENte,li3_pezENte,ve1_pezENte,ve2_grew,ve3_pezENte,ito_grEve,ita_pesEnte,itg_peso,itf_pesu,nea_p3sEnt3,src_grEve,sro_grEi,sc1_pisEnti,sc2_pisEnti,sc3_pisEnti,sc4_pisEnti,ca1_p3zEt,ca2_pezEt,ca3_p3zEt,ca4_pezEt,ca5_pezEt,ca6_pesEt,spa_pesE8o,ast_pesEo,por_p3zE8u,glg_pesE8o,pr1_lurd,pr2_pEzE,fro_p3zEnt,fra_lur,pcd_lur,win_pEza
qbb_propE,lat_propE,ruq_proEpi,ruo_prope,rup_EproEpe,ron_EproEpe,dlm_EliC,fur_donde,ll1_dEwZiN,ll2_dEveZiN,ro1_d3m3nEiv3l,ro2_d3m3nEiv3l,ro3_m3nev3l,ro4_d3StruS,pm1_dEvziN,pm2_dEvziN,pm3_vziN,pm4_EvziN,pm5_vziN,lm1_izi,lm2_viziN,eg1_bzen,eg2_vsin,eg3_zvEin,eg4_vzein,li1_viZin,li2_veZin,li3_viZin,ve1_visiN,ve2_veziN,ve3_viziN,ito_prEso,ita_viCino,itg_viCino,itf_viCinu,nea_viSin3,src_EkEnte,sro_biZinu,sc1_viCinu,sc2_viCinu,sc3_viCinu,sc4_viCinu,ca1_3prop,ca2_Eprop,ca3_3prop,ca4_Eprop,ca5_prop,ca6_prop,spa_8erkE,ast_8erkE,por_pErtu,glg_8erkE,pr1_proCe,pr2_pre,fro_prEs,fra_prE,pcd_pre,win_tuprE
qbb_sEl,lat_sEl,ruq_sEri,ruo_sore,rup_sEre,ron_sEre,dlm_swEl,fur_sEl,ll1_sEl,ll2_sEl,ro1_sEl,ro2_sEl,ro3_sEl,ro4_sEl,pm1_sEl,pm2_sEl,pm3_sEl,pm4_sEl,pm5_sEl,lm1_sEl,lm2_sEE,eg1_sel,eg2_sEl,eg3_sEl,eg4_sEl,li1_sE,li2_sE,li3_so,ve1_sEl,ve2_sEl,ve3_sEl,ito_sEle,ita_sEle,itg_sEle,itf_sEle,nea_sEl3,src_sEle,sro_sEli,sc1_sEli,sc2_sEli,sc3_sEli,sc4_sEli,ca1_sEl,ca2_sEl,ca3_sEl,ca4_sEl,ca5_sEl,ca6_sEl,spa_sEl,ast_sEl,por_sEl,glg_sEl,pr1_sEw,pr2_sE,fro_sel,fra_sEl,pcd_se,win_se
qbb_brEwis,lat_brEvis,ruq_kus,ruo_skurt,rup_skurtu,ron_skurt,dlm_kwErt,fur_kurt,ll1_kurt,ll2_kurt,ro1_kurt,ro2_kwort,ro3_kurt,ro4_kwort,pm1_kirt,pm2_kirt,pm3_kirt,pm4_kirt,pm5_kErt,lm1_kErt,lm2_kirt,eg1_kurt,eg2_kurt,eg3_kurt,eg4_kurt,li1_kirtu,li2_kurtu,li3_kirtu,ve1_kurto,ve2_kurt,ve3_kurt,ito_korto,ita_korto,itg_korto,itf_kurtu,nea_kurt3,src_kurTu,sro_kruTu,sc1_kurtu,sc2_kutu,sc3_kurtu,sc4_kurtu,ca1_kurt,ca2_kurtkur,ca3_kurt,ca4_kurt,ca5_kurt,ca6_kurt,spa_korto,ast_kurtio,por_kurtu,glg_kurto,pr1_kurt,pr2_ko,fro_kort,fra_kur,pcd_kur,win_kur
qbb_ENgwis,lat_sErpens,ruq_SErpi,ruo_Sorpe,rup_SErpe,ron_SErpe,dlm_serpiEnt,fur_sErpint,ll1_bekE,ll2_serpent,ro1_sErp,ro2_siErp,ro3_TErp,ro4_sErp,pm1_sErp,pm2_sErpENt,pm3_sErp,pm4_sErp,pm5_sErpeNt,lm1_serpEnt,lm2_bizE,eg1_sErpent,eg2_serpEnt,eg3_serpEint,eg4_sErpEint,li1_biZE,li2_serpente,li3_biSE,ve1_serpeNte,ve2_bisE,ve3_bisE,ito_sErpe,ita_sErpe,itg_sErpe,itf_sErpE,nea_sErp3,src_kolovriu,sro_sErpi,sc1_siErpi,sc2_sErpi,sc3_skursuni,sc4_Skusuni,ca1_serp,ca2_serp,ca3_serp,ca4_serp,ca5_serp,ca6_serp,spa_serpiente,ast_kulebrE,por_s3rpent3,glg_sErpe,pr1_sErp,pr2_sErpE,fro_serpEnt,fra_sErpo,pcd_sErpE,win_viper
qbb_tEnuis,lat_tEnwis,ruq_slEp,ruo_supTire,rup_supTire,ron_subTire,dlm_NaN,fur_sutil,ll1_sutil,ll2_sotil,ro1_fin,ro2_fin,ro3_feN,ro4_fin,pm1_sitil,pm2_sitil,pm3_sitil,pm4_sitil,pm5_sutil,lm1_fi,lm2_setii,eg1_stil,eg2_mEgEr,eg3_mEger,eg4_sutil,li1_suti,li2_suti,li3_sEti,ve1_fiN,ve2_fiN,ve3_fiN,ito_sottile,ita_sotile,itg_fino,itf_finu,nea_fin3,src_lEnZu,sro_fini,sc1_finu,sc2_finu,sc3_finu,sc4_finu,ca1_prim,ca2_prim,ca3_prim,ca4_prim,ca5_prim,ca6_prim,spa_fino,ast_fino,por_finu,glg_fino,pr1_fiN,pr2_fE,fro_tEnv3,fra_f,pcd_fE,win_tEn
qbb_wEntus,lat_vEntus,ruq_vint,ruo_borE,rup_vimtu,ron_vint,dlm_viEnt,fur_EiEr,ll1_v3nt,ll2_vent,ro1_vEnt,ro2_vEnt,ro3_vEnt,ro4_vEnt,pm1_vENt,pm2_vENt,pm3_EriE,pm4_vENt,pm5_veNt,lm1_vEnt,lm2_vent,eg1_vEnt,eg2_vent,eg3_vEint,eg4_vEint,li1_veNtu,li2_veNtu,li3_vENtu,ve1_veNto,ve2_vENt,ve3_vENt,ito_vEnto,ita_vEnto,itg_vEnto,itf_ventu,nea_vient3,src_ventu,sro_bentu,sc1_viEntu,sc2_vEntu,sc3_vEntu,sc4_viEntu,ca1_ben,ca2_ben,ca3_vent,ca4_ven,ca5_bent,ca6_bent,spa_biento,ast_biento,por_ventu,glg_bEnto,pr1_vEnt,pr2_ve,fro_vEnt,fra_vo,pcd_vE,win_er
qbb_wErmis,lat_vErmis,ruq_dErmi,ruo_xLermu,rup_zermu,ron_vierme,dlm_viErm,fur_viEr,ll1_i3rm,ll2_verm,ro1_vErm,ro2_viErm,ro3_vErm,ro4_vErm,pm1_vErm,pm2_vErm,pm3_vErm,pm4_vErm,pm5_vErm,lm1_Erem,lm2_vermEn,eg1_vermEn,eg2_vErm,eg3_beg,eg4_bEig,li1_verme,li2_vErme,li3_vErmu,ve1_vErme,ve2_vErmen,ve3_but,ito_vErmo,ita_vErme,itg_bEko,itf_vErme,nea_vErm3,src_erme,sro_brEmini,sc1_viErmu,sc2_vErmi,sc3_vErmi,sc4_vErmi,ca1_kuk,ca2_kuk,ca3_kuk,ca4_kuk,ca5_kuk,ca6_kuk,spa_lombri8,ast_meruko,por_vErm3,glg_bErme,pr1_vErme,pr2_ve,fro_vErm,fra_vEr,pcd_vEr,win_vier
qbb_Enus,lat_Enus,ruq_En,ruo_on,rup_Enu,ron_En,dlm_iEiN,fur_En,ll1_En,ll2_En,ro1_on,ro2_on,ro3_on,ro4_on,pm1_En,pm2_En,pm3_En,pm4_Eni,pm5_EN,lm1_En,lm2_En,eg1_En,eg2_En,eg3_En,eg4_En,li1_Enu,li2_Enu,li3_Enu,ve1_Eno,ve2_En,ve3_En,ito_Eno,ita_Eno,itg_Eno,itf_Enu,nea_En3,src_Enu,sro_Enu,sc1_Enu,sc2_Enu,sc3_Enu,sc4_Enu,ca1_EN,ca2_EN,ca3_EN,ca4_EN,ca5_EN,ca6_EN,spa_ENo,ast_ENo,por_anu,glg_Eno,pr1_EnEdo,pr2_E,fro_En,fra_o,pcd_ne,win_a
